{
"meta":{"test_sets":[],"test_metrics":[],"learn_metrics":[{"best_value":"Min","name":"MultiClass"}],"launch_mode":"Train","parameters":"","iteration_count":1000,"learn_sets":["learn"],"name":"experiment"},
"iterations":[
{"learn":[1.376734612],"iteration":0,"passed_time":0.1643870122,"remaining_time":164.2226252},
{"learn":[1.369702088],"iteration":1,"passed_time":0.1809119002,"remaining_time":90.27503819},
{"learn":[1.36349062],"iteration":2,"passed_time":0.1932757833,"remaining_time":64.23198532},
{"learn":[1.357436208],"iteration":3,"passed_time":0.2078482737,"remaining_time":51.75422015},
{"learn":[1.353016794],"iteration":4,"passed_time":0.2176153093,"remaining_time":43.30544655},
{"learn":[1.348077352],"iteration":5,"passed_time":0.2307871895,"remaining_time":38.2337444},
{"learn":[1.343504092],"iteration":6,"passed_time":0.2420739699,"remaining_time":34.33992173},
{"learn":[1.341532033],"iteration":7,"passed_time":0.2463434714,"remaining_time":30.54659045},
{"learn":[1.338596605],"iteration":8,"passed_time":0.2532252683,"remaining_time":27.88291566},
{"learn":[1.335269824],"iteration":9,"passed_time":0.2617976895,"remaining_time":25.91797126},
{"learn":[1.332046063],"iteration":10,"passed_time":0.2693519019,"remaining_time":24.21718464},
{"learn":[1.329355397],"iteration":11,"passed_time":0.276596565,"remaining_time":22.77311719},
{"learn":[1.327196686],"iteration":12,"passed_time":0.281065392,"remaining_time":21.33934938},
{"learn":[1.32403761],"iteration":13,"passed_time":0.2874222819,"remaining_time":20.24274071},
{"learn":[1.321869541],"iteration":14,"passed_time":0.2938575577,"remaining_time":19.29664629},
{"learn":[1.319710585],"iteration":15,"passed_time":0.2997136658,"remaining_time":18.43239044},
{"learn":[1.317103023],"iteration":16,"passed_time":0.3056768225,"remaining_time":17.67531274},
{"learn":[1.314705249],"iteration":17,"passed_time":0.3114826636,"remaining_time":16.99310976},
{"learn":[1.312620796],"iteration":18,"passed_time":0.3170977928,"remaining_time":16.37225972},
{"learn":[1.310439764],"iteration":19,"passed_time":0.3258014771,"remaining_time":15.96427238},
{"learn":[1.308942109],"iteration":20,"passed_time":0.3317047115,"remaining_time":15.46375774},
{"learn":[1.307464106],"iteration":21,"passed_time":0.3377520903,"remaining_time":15.01461565},
{"learn":[1.306480796],"iteration":22,"passed_time":0.3423115928,"remaining_time":14.54080114},
{"learn":[1.305066063],"iteration":23,"passed_time":0.3481636085,"remaining_time":14.15865341},
{"learn":[1.303242653],"iteration":24,"passed_time":0.3538018449,"remaining_time":13.79827195},
{"learn":[1.30141005],"iteration":25,"passed_time":0.3593339674,"remaining_time":13.46120324},
{"learn":[1.299632075],"iteration":26,"passed_time":0.3655240967,"remaining_time":13.17240541},
{"learn":[1.298088997],"iteration":27,"passed_time":0.3715145189,"remaining_time":12.89686116},
{"learn":[1.296571415],"iteration":28,"passed_time":0.3760347372,"remaining_time":12.59068034},
{"learn":[1.295368289],"iteration":29,"passed_time":0.3820164746,"remaining_time":12.35186601},
{"learn":[1.294023935],"iteration":30,"passed_time":0.3880162347,"remaining_time":12.1286365},
{"learn":[1.29233628],"iteration":31,"passed_time":0.3937687945,"remaining_time":11.91150603},
{"learn":[1.292318792],"iteration":32,"passed_time":0.3967141381,"remaining_time":11.62492641},
{"learn":[1.290414314],"iteration":33,"passed_time":0.4029023972,"remaining_time":11.44716811},
{"learn":[1.288951601],"iteration":34,"passed_time":0.4088863522,"remaining_time":11.27358085},
{"learn":[1.288074694],"iteration":35,"passed_time":0.4133185283,"remaining_time":11.0677517},
{"learn":[1.286019134],"iteration":36,"passed_time":0.4193053778,"remaining_time":10.9132724},
{"learn":[1.284781153],"iteration":37,"passed_time":0.4249429352,"remaining_time":10.75776589},
{"learn":[1.283444615],"iteration":38,"passed_time":0.4307920896,"remaining_time":10.61515893},
{"learn":[1.281791759],"iteration":39,"passed_time":0.4372635313,"remaining_time":10.49432475},
{"learn":[1.279766364],"iteration":40,"passed_time":0.4429746257,"remaining_time":10.36128454},
{"learn":[1.278732991],"iteration":41,"passed_time":0.4541243696,"remaining_time":10.35836062},
{"learn":[1.276710982],"iteration":42,"passed_time":0.4659014573,"remaining_time":10.36901615},
{"learn":[1.275677102],"iteration":43,"passed_time":0.4752809853,"remaining_time":10.32655959},
{"learn":[1.275547407],"iteration":44,"passed_time":0.480117667,"remaining_time":10.18916382},
{"learn":[1.27489487],"iteration":45,"passed_time":0.4895290025,"remaining_time":10.15240583},
{"learn":[1.274423746],"iteration":46,"passed_time":0.4948875157,"remaining_time":10.03463409},
{"learn":[1.272724496],"iteration":47,"passed_time":0.5023318444,"remaining_time":9.962914915},
{"learn":[1.271561643],"iteration":48,"passed_time":0.5088870522,"remaining_time":9.876562993},
{"learn":[1.270127434],"iteration":49,"passed_time":0.5152974732,"remaining_time":9.790651991},
{"learn":[1.268796737],"iteration":50,"passed_time":0.5209430633,"remaining_time":9.693626805},
{"learn":[1.267067077],"iteration":51,"passed_time":0.5270181927,"remaining_time":9.607947052},
{"learn":[1.266620823],"iteration":52,"passed_time":0.5307758128,"remaining_time":9.483862165},
{"learn":[1.266034544],"iteration":53,"passed_time":0.5343291305,"remaining_time":9.360654767},
{"learn":[1.265165131],"iteration":54,"passed_time":0.5401875654,"remaining_time":9.281404532},
{"learn":[1.264809438],"iteration":55,"passed_time":0.5442581882,"remaining_time":9.17463803},
{"learn":[1.26342916],"iteration":56,"passed_time":0.5508877448,"remaining_time":9.113809533},
{"learn":[1.2616629],"iteration":57,"passed_time":0.5579455978,"remaining_time":9.061806089},
{"learn":[1.260835746],"iteration":58,"passed_time":0.5624892055,"remaining_time":8.971226142},
{"learn":[1.260016327],"iteration":59,"passed_time":0.5683877959,"remaining_time":8.904742136},
{"learn":[1.259722642],"iteration":60,"passed_time":0.5731326185,"remaining_time":8.822484078},
{"learn":[1.258979745],"iteration":61,"passed_time":0.5776281976,"remaining_time":8.738955635},
{"learn":[1.257836786],"iteration":62,"passed_time":0.5836094131,"remaining_time":8.680032065},
{"learn":[1.256793557],"iteration":63,"passed_time":0.5893833897,"remaining_time":8.619732074},
{"learn":[1.255738746],"iteration":64,"passed_time":0.5960707985,"remaining_time":8.574249178},
{"learn":[1.25478523],"iteration":65,"passed_time":0.6015604859,"remaining_time":8.512992331},
{"learn":[1.254266371],"iteration":66,"passed_time":0.6056723918,"remaining_time":8.434214054},
{"learn":[1.253138288],"iteration":67,"passed_time":0.6104140183,"remaining_time":8.366262722},
{"learn":[1.252548049],"iteration":68,"passed_time":0.616553791,"remaining_time":8.319008397},
{"learn":[1.251318552],"iteration":69,"passed_time":0.6207982086,"remaining_time":8.247747628},
{"learn":[1.250643153],"iteration":70,"passed_time":0.6249933773,"remaining_time":8.177730246},
{"learn":[1.250398925],"iteration":71,"passed_time":0.6291319649,"remaining_time":8.108811992},
{"learn":[1.249773173],"iteration":72,"passed_time":0.6348601597,"remaining_time":8.061854357},
{"learn":[1.248628978],"iteration":73,"passed_time":0.6409648319,"remaining_time":8.020722085},
{"learn":[1.246912525],"iteration":74,"passed_time":0.6471230706,"remaining_time":7.981184537},
{"learn":[1.246122256],"iteration":75,"passed_time":0.6529841533,"remaining_time":7.938912601},
{"learn":[1.245741028],"iteration":76,"passed_time":0.6571887687,"remaining_time":7.877730306},
{"learn":[1.245022299],"iteration":77,"passed_time":0.6630592047,"remaining_time":7.83769983},
{"learn":[1.244304441],"iteration":78,"passed_time":0.6687381035,"remaining_time":7.796301181},
{"learn":[1.243407163],"iteration":79,"passed_time":0.6743759746,"remaining_time":7.755323708},
{"learn":[1.242933386],"iteration":80,"passed_time":0.6802189475,"remaining_time":7.717545836},
{"learn":[1.242933384],"iteration":81,"passed_time":0.6829261217,"remaining_time":7.645441217},
{"learn":[1.242244187],"iteration":82,"passed_time":0.6884592543,"remaining_time":7.606230557},
{"learn":[1.241642547],"iteration":83,"passed_time":0.6940814535,"remaining_time":7.568792993},
{"learn":[1.240279301],"iteration":84,"passed_time":0.7006165722,"remaining_time":7.541931336},
{"learn":[1.240227743],"iteration":85,"passed_time":0.7038360782,"remaining_time":7.480304366},
{"learn":[1.239234911],"iteration":86,"passed_time":0.7094662047,"remaining_time":7.445317757},
{"learn":[1.238854011],"iteration":87,"passed_time":0.7128212741,"remaining_time":7.387420477},
{"learn":[1.237862133],"iteration":88,"passed_time":0.7184590624,"remaining_time":7.354114672},
{"learn":[1.237128733],"iteration":89,"passed_time":0.7237204458,"remaining_time":7.317617841},
{"learn":[1.236450281],"iteration":90,"passed_time":0.729534763,"remaining_time":7.287330765},
{"learn":[1.235949612],"iteration":91,"passed_time":0.7330854432,"remaining_time":7.235234591},
{"learn":[1.235907594],"iteration":92,"passed_time":0.7361422031,"remaining_time":7.179365357},
{"learn":[1.235580255],"iteration":93,"passed_time":0.7394863936,"remaining_time":7.127390134},
{"learn":[1.234255717],"iteration":94,"passed_time":0.7455984925,"remaining_time":7.102806692},
{"learn":[1.233824056],"iteration":95,"passed_time":0.7513063754,"remaining_time":7.074801702},
{"learn":[1.23243027],"iteration":96,"passed_time":0.756974968,"remaining_time":7.046890681},
{"learn":[1.232149657],"iteration":97,"passed_time":0.7608425552,"remaining_time":7.002856988},
{"learn":[1.230512025],"iteration":98,"passed_time":0.7675312974,"remaining_time":6.98531009},
{"learn":[1.229631187],"iteration":99,"passed_time":0.7734953146,"remaining_time":6.961457831},
{"learn":[1.22883479],"iteration":100,"passed_time":0.7796826464,"remaining_time":6.939947516},
{"learn":[1.227603557],"iteration":101,"passed_time":0.7858340595,"remaining_time":6.918421426},
{"learn":[1.227028258],"iteration":102,"passed_time":0.7919070501,"remaining_time":6.896510912},
{"learn":[1.225674844],"iteration":103,"passed_time":0.7979746015,"remaining_time":6.874858105},
{"learn":[1.224124201],"iteration":104,"passed_time":0.8048394637,"remaining_time":6.860298286},
{"learn":[1.223630477],"iteration":105,"passed_time":0.8091970157,"remaining_time":6.824737094},
{"learn":[1.222775273],"iteration":106,"passed_time":0.8150536223,"remaining_time":6.802269951},
{"learn":[1.222468551],"iteration":107,"passed_time":0.8194543452,"remaining_time":6.768085888},
{"learn":[1.220938982],"iteration":108,"passed_time":0.8257607579,"remaining_time":6.750026012},
{"learn":[1.220336149],"iteration":109,"passed_time":0.8310603607,"remaining_time":6.724033827},
{"learn":[1.219651386],"iteration":110,"passed_time":0.8370149356,"remaining_time":6.70366016},
{"learn":[1.219195859],"iteration":111,"passed_time":0.8431662606,"remaining_time":6.685103923},
{"learn":[1.218574934],"iteration":112,"passed_time":0.8487233376,"remaining_time":6.662102659},
{"learn":[1.217965796],"iteration":113,"passed_time":0.854689999,"remaining_time":6.642590694},
{"learn":[1.217306798],"iteration":114,"passed_time":0.8602603543,"remaining_time":6.620264466},
{"learn":[1.216096458],"iteration":115,"passed_time":0.8666255189,"remaining_time":6.604284127},
{"learn":[1.214881505],"iteration":116,"passed_time":0.8733848816,"remaining_time":6.591443167},
{"learn":[1.214264297],"iteration":117,"passed_time":0.8793284141,"remaining_time":6.572607298},
{"learn":[1.213824803],"iteration":118,"passed_time":0.8852019144,"remaining_time":6.553469635},
{"learn":[1.212995308],"iteration":119,"passed_time":0.8905139937,"remaining_time":6.530435954},
{"learn":[1.211419044],"iteration":120,"passed_time":0.8958649963,"remaining_time":6.507977948},
{"learn":[1.209995058],"iteration":121,"passed_time":0.9016700023,"remaining_time":6.489067722},
{"learn":[1.209238098],"iteration":122,"passed_time":0.9075455703,"remaining_time":6.4708737},
{"learn":[1.208484321],"iteration":123,"passed_time":0.9132550492,"remaining_time":6.451705025},
{"learn":[1.208037683],"iteration":124,"passed_time":0.9184942301,"remaining_time":6.42945961},
{"learn":[1.206648157],"iteration":125,"passed_time":0.9244380132,"remaining_time":6.412371616},
{"learn":[1.206204857],"iteration":126,"passed_time":0.9300210692,"remaining_time":6.392979476},
{"learn":[1.20571175],"iteration":127,"passed_time":0.9354808653,"remaining_time":6.372963395},
{"learn":[1.20519449],"iteration":128,"passed_time":0.941203973,"remaining_time":6.354950856},
{"learn":[1.204755046],"iteration":129,"passed_time":0.9469738261,"remaining_time":6.337440221},
{"learn":[1.203336429],"iteration":130,"passed_time":0.9529408025,"remaining_time":6.321416469},
{"learn":[1.20222959],"iteration":131,"passed_time":0.9588179276,"remaining_time":6.304954251},
{"learn":[1.201291489],"iteration":132,"passed_time":0.9649700201,"remaining_time":6.290443665},
{"learn":[1.200233899],"iteration":133,"passed_time":0.9709398305,"remaining_time":6.2748798},
{"learn":[1.199103504],"iteration":134,"passed_time":0.9770293541,"remaining_time":6.260225121},
{"learn":[1.198300125],"iteration":135,"passed_time":0.9831319821,"remaining_time":6.245779651},
{"learn":[1.197225242],"iteration":136,"passed_time":0.9893033774,"remaining_time":6.231889158},
{"learn":[1.196136804],"iteration":137,"passed_time":0.9955442603,"remaining_time":6.218544583},
{"learn":[1.194651042],"iteration":138,"passed_time":1.002123321,"remaining_time":6.207396974},
{"learn":[1.192840394],"iteration":139,"passed_time":1.008443711,"remaining_time":6.194725656},
{"learn":[1.191754931],"iteration":140,"passed_time":1.014767191,"remaining_time":6.182163239},
{"learn":[1.190841254],"iteration":141,"passed_time":1.02111892,"remaining_time":6.16985939},
{"learn":[1.190408051],"iteration":142,"passed_time":1.02684808,"remaining_time":6.153907724},
{"learn":[1.18951144],"iteration":143,"passed_time":1.033096607,"remaining_time":6.141185386},
{"learn":[1.1881677],"iteration":144,"passed_time":1.038894775,"remaining_time":6.125896778},
{"learn":[1.187761962],"iteration":145,"passed_time":1.04454721,"remaining_time":6.109885737},
{"learn":[1.18738078],"iteration":146,"passed_time":1.050374688,"remaining_time":6.09503135},
{"learn":[1.186493189],"iteration":147,"passed_time":1.055925259,"remaining_time":6.07870487},
{"learn":[1.185650789],"iteration":148,"passed_time":1.061513551,"remaining_time":6.06273847},
{"learn":[1.184375929],"iteration":149,"passed_time":1.06837303,"remaining_time":6.054113834},
{"learn":[1.183196095],"iteration":150,"passed_time":1.074333422,"remaining_time":6.040457452},
{"learn":[1.181850019],"iteration":151,"passed_time":1.081080044,"remaining_time":6.031288666},
{"learn":[1.1812801],"iteration":152,"passed_time":1.086404417,"remaining_time":6.014278046},
{"learn":[1.180484297],"iteration":153,"passed_time":1.092881599,"remaining_time":6.003752159},
{"learn":[1.179576896],"iteration":154,"passed_time":1.100990478,"remaining_time":6.002173896},
{"learn":[1.177921239],"iteration":155,"passed_time":1.107021215,"remaining_time":5.989268624},
{"learn":[1.177103333],"iteration":156,"passed_time":1.112878267,"remaining_time":5.975518337},
{"learn":[1.176371629],"iteration":157,"passed_time":1.118899568,"remaining_time":5.962743266},
{"learn":[1.175927527],"iteration":158,"passed_time":1.124271331,"remaining_time":5.946617541},
{"learn":[1.175498999],"iteration":159,"passed_time":1.130421594,"remaining_time":5.934713367},
{"learn":[1.17493233],"iteration":160,"passed_time":1.136368959,"remaining_time":5.921823334},
{"learn":[1.174302001],"iteration":161,"passed_time":1.141968746,"remaining_time":5.907221042},
{"learn":[1.173449466],"iteration":162,"passed_time":1.147590145,"remaining_time":5.892840193},
{"learn":[1.172700689],"iteration":163,"passed_time":1.153719199,"remaining_time":5.881153965},
{"learn":[1.172282923],"iteration":164,"passed_time":1.159509942,"remaining_time":5.86782304},
{"learn":[1.171440801],"iteration":165,"passed_time":1.165239391,"remaining_time":5.854275014},
{"learn":[1.170561325],"iteration":166,"passed_time":1.171019896,"remaining_time":5.841075288},
{"learn":[1.169036698],"iteration":167,"passed_time":1.17782587,"remaining_time":5.833042403},
{"learn":[1.16858892],"iteration":168,"passed_time":1.183273233,"remaining_time":5.81834353},
{"learn":[1.167618853],"iteration":169,"passed_time":1.189381068,"remaining_time":5.806978154},
{"learn":[1.166997271],"iteration":170,"passed_time":1.195546994,"remaining_time":5.795955893},
{"learn":[1.16627528],"iteration":171,"passed_time":1.20134606,"remaining_time":5.783224055},
{"learn":[1.16504987],"iteration":172,"passed_time":1.207777947,"remaining_time":5.773597471},
{"learn":[1.163649063],"iteration":173,"passed_time":1.213968564,"remaining_time":5.762862262},
{"learn":[1.162999281],"iteration":174,"passed_time":1.219823594,"remaining_time":5.750596942},
{"learn":[1.161874613],"iteration":175,"passed_time":1.226150593,"remaining_time":5.74061414},
{"learn":[1.161520268],"iteration":176,"passed_time":1.231802734,"remaining_time":5.727534745},
{"learn":[1.160441973],"iteration":177,"passed_time":1.238653447,"remaining_time":5.720073783},
{"learn":[1.159697948],"iteration":178,"passed_time":1.244279636,"remaining_time":5.707003248},
{"learn":[1.15824518],"iteration":179,"passed_time":1.250430295,"remaining_time":5.696404678},
{"learn":[1.157618851],"iteration":180,"passed_time":1.256593345,"remaining_time":5.685911325},
{"learn":[1.15715723],"iteration":181,"passed_time":1.26191354,"remaining_time":5.671677341},
{"learn":[1.156693221],"iteration":182,"passed_time":1.26762064,"remaining_time":5.659268105},
{"learn":[1.156384245],"iteration":183,"passed_time":1.273525704,"remaining_time":5.647809645},
{"learn":[1.155973892],"iteration":184,"passed_time":1.278750822,"remaining_time":5.633415783},
{"learn":[1.155395833],"iteration":185,"passed_time":1.284945841,"remaining_time":5.623365132},
{"learn":[1.155005298],"iteration":186,"passed_time":1.290436362,"remaining_time":5.610292846},
{"learn":[1.154707757],"iteration":187,"passed_time":1.295940991,"remaining_time":5.597362152},
{"learn":[1.154042843],"iteration":188,"passed_time":1.301504649,"remaining_time":5.584763335},
{"learn":[1.153372322],"iteration":189,"passed_time":1.307066681,"remaining_time":5.572231639},
{"learn":[1.152793996],"iteration":190,"passed_time":1.312904558,"remaining_time":5.560941295},
{"learn":[1.15220675],"iteration":191,"passed_time":1.318947261,"remaining_time":5.550569725},
{"learn":[1.151135137],"iteration":192,"passed_time":1.325422569,"remaining_time":5.542051883},
{"learn":[1.150236474],"iteration":193,"passed_time":1.331428936,"remaining_time":5.531606817},
{"learn":[1.149596049],"iteration":194,"passed_time":1.337841551,"remaining_time":5.522884351},
{"learn":[1.14874179],"iteration":195,"passed_time":1.34344222,"remaining_time":5.510854822},
{"learn":[1.148412673],"iteration":196,"passed_time":1.348883855,"remaining_time":5.498242311},
{"learn":[1.148084292],"iteration":197,"passed_time":1.354534489,"remaining_time":5.486548791},
{"learn":[1.147484663],"iteration":198,"passed_time":1.360088652,"remaining_time":5.474527691},
{"learn":[1.146968305],"iteration":199,"passed_time":1.365676985,"remaining_time":5.46270794},
{"learn":[1.145947382],"iteration":200,"passed_time":1.372169582,"remaining_time":5.454544756},
{"learn":[1.145486287],"iteration":201,"passed_time":1.37777447,"remaining_time":5.442891225},
{"learn":[1.145097377],"iteration":202,"passed_time":1.383607324,"remaining_time":5.4321923},
{"learn":[1.14412277],"iteration":203,"passed_time":1.389886965,"remaining_time":5.423284434},
{"learn":[1.142952491],"iteration":204,"passed_time":1.395572813,"remaining_time":5.412099447},
{"learn":[1.142627963],"iteration":205,"passed_time":1.401391953,"remaining_time":5.401481605},
{"learn":[1.142335586],"iteration":206,"passed_time":1.406848821,"remaining_time":5.389522293},
{"learn":[1.142017866],"iteration":207,"passed_time":1.412229221,"remaining_time":5.37733434},
{"learn":[1.14092741],"iteration":208,"passed_time":1.417960214,"remaining_time":5.366538419},
{"learn":[1.13972081],"iteration":209,"passed_time":1.424330894,"remaining_time":5.358197174},
{"learn":[1.139064443],"iteration":210,"passed_time":1.430164558,"remaining_time":5.347866523},
{"learn":[1.138577085],"iteration":211,"passed_time":1.436187154,"remaining_time":5.338280552},
{"learn":[1.138000945],"iteration":212,"passed_time":1.442055687,"remaining_time":5.328158805},
{"learn":[1.137051851],"iteration":213,"passed_time":1.448401999,"remaining_time":5.319831642},
{"learn":[1.136295757],"iteration":214,"passed_time":1.454738312,"remaining_time":5.311486396},
{"learn":[1.135996828],"iteration":215,"passed_time":1.460369315,"remaining_time":5.300599734},
{"learn":[1.134709833],"iteration":216,"passed_time":1.466759638,"remaining_time":5.292501367},
{"learn":[1.13363455],"iteration":217,"passed_time":1.472837178,"remaining_time":5.283296665},
{"learn":[1.133364186],"iteration":218,"passed_time":1.478369071,"remaining_time":5.272174632},
{"learn":[1.132485735],"iteration":219,"passed_time":1.484501423,"remaining_time":5.263232317},
{"learn":[1.132014161],"iteration":220,"passed_time":1.49015817,"remaining_time":5.252638981},
{"learn":[1.131501946],"iteration":221,"passed_time":1.49728718,"remaining_time":5.247249665},
{"learn":[1.130683918],"iteration":222,"passed_time":1.50312662,"remaining_time":5.237351495},
{"learn":[1.130274789],"iteration":223,"passed_time":1.508947375,"remaining_time":5.227424836},
{"learn":[1.129288501],"iteration":224,"passed_time":1.515076559,"remaining_time":5.218597037},
{"learn":[1.128428335],"iteration":225,"passed_time":1.521779174,"remaining_time":5.211756994},
{"learn":[1.127677013],"iteration":226,"passed_time":1.527757509,"remaining_time":5.202451783},
{"learn":[1.12718387],"iteration":227,"passed_time":1.533982463,"remaining_time":5.194010797},
{"learn":[1.126966011],"iteration":228,"passed_time":1.539104772,"remaining_time":5.181876765},
{"learn":[1.126693459],"iteration":229,"passed_time":1.544220519,"remaining_time":5.169781739},
{"learn":[1.125611918],"iteration":230,"passed_time":1.550713892,"remaining_time":5.162333259},
{"learn":[1.12494293],"iteration":231,"passed_time":1.556192672,"remaining_time":5.151534361},
{"learn":[1.123854016],"iteration":232,"passed_time":1.562561942,"remaining_time":5.143712487},
{"learn":[1.123294917],"iteration":233,"passed_time":1.569033016,"remaining_time":5.136236282},
{"learn":[1.122662696],"iteration":234,"passed_time":1.574487956,"remaining_time":5.125460794},
{"learn":[1.121684358],"iteration":235,"passed_time":1.580569319,"remaining_time":5.116758305},
{"learn":[1.121084363],"iteration":236,"passed_time":1.586136839,"remaining_time":5.106423664},
{"learn":[1.120853526],"iteration":237,"passed_time":1.591456951,"remaining_time":5.09533696},
{"learn":[1.120013195],"iteration":238,"passed_time":1.597323366,"remaining_time":5.086037998},
{"learn":[1.119104633],"iteration":239,"passed_time":1.603858372,"remaining_time":5.078884846},
{"learn":[1.118867493],"iteration":240,"passed_time":1.609787954,"remaining_time":5.069830114},
{"learn":[1.118451257],"iteration":241,"passed_time":1.616073467,"remaining_time":5.061916066},
{"learn":[1.118256452],"iteration":242,"passed_time":1.622761756,"remaining_time":5.055270161},
{"learn":[1.117745924],"iteration":243,"passed_time":1.628454928,"remaining_time":5.045540679},
{"learn":[1.117093025],"iteration":244,"passed_time":1.634966955,"remaining_time":5.038367556},
{"learn":[1.116126242],"iteration":245,"passed_time":1.641216455,"remaining_time":5.030395151},
{"learn":[1.115382985],"iteration":246,"passed_time":1.647319759,"remaining_time":5.021991005},
{"learn":[1.114656558],"iteration":247,"passed_time":1.652892674,"remaining_time":5.011997142},
{"learn":[1.114105865],"iteration":248,"passed_time":1.658484621,"remaining_time":5.002096185},
{"learn":[1.113149805],"iteration":249,"passed_time":1.664763574,"remaining_time":4.994290722},
{"learn":[1.112411686],"iteration":250,"passed_time":1.671243128,"remaining_time":4.987096026},
{"learn":[1.111667858],"iteration":251,"passed_time":1.677193199,"remaining_time":4.97833537},
{"learn":[1.111006591],"iteration":252,"passed_time":1.683769151,"remaining_time":4.971444886},
{"learn":[1.110447083],"iteration":253,"passed_time":1.689535958,"remaining_time":4.962180411},
{"learn":[1.10971772],"iteration":254,"passed_time":1.695760786,"remaining_time":4.954281512},
{"learn":[1.109004428],"iteration":255,"passed_time":1.702067563,"remaining_time":4.946633855},
{"learn":[1.108246898],"iteration":256,"passed_time":1.707847007,"remaining_time":4.937472085},
{"learn":[1.108112708],"iteration":257,"passed_time":1.713476241,"remaining_time":4.927904537},
{"learn":[1.107655084],"iteration":258,"passed_time":1.71916866,"remaining_time":4.918548175},
{"learn":[1.107093306],"iteration":259,"passed_time":1.725340306,"remaining_time":4.910583949},
{"learn":[1.1066094],"iteration":260,"passed_time":1.730894663,"remaining_time":4.900885655},
{"learn":[1.106143611],"iteration":261,"passed_time":1.736432694,"remaining_time":4.891173009},
{"learn":[1.105866665],"iteration":262,"passed_time":1.74229977,"remaining_time":4.882414185},
{"learn":[1.105563933],"iteration":263,"passed_time":1.74774655,"remaining_time":4.872505532},
{"learn":[1.104850308],"iteration":264,"passed_time":1.753613713,"remaining_time":4.863796525},
{"learn":[1.104552677],"iteration":265,"passed_time":1.759220152,"remaining_time":4.854389442},
{"learn":[1.104158892],"iteration":266,"passed_time":1.764900498,"remaining_time":4.845213726},
{"learn":[1.103276623],"iteration":267,"passed_time":1.77071374,"remaining_time":4.836427081},
{"learn":[1.102926542],"iteration":268,"passed_time":1.77618361,"remaining_time":4.826729439},
{"learn":[1.102571867],"iteration":269,"passed_time":1.781947786,"remaining_time":4.817858828},
{"learn":[1.102257238],"iteration":270,"passed_time":1.787737126,"remaining_time":4.809078836},
{"learn":[1.101706763],"iteration":271,"passed_time":1.794210746,"remaining_time":4.802152291},
{"learn":[1.101375937],"iteration":272,"passed_time":1.800397761,"remaining_time":4.794465832},
{"learn":[1.100952448],"iteration":273,"passed_time":1.806505327,"remaining_time":4.786579807},
{"learn":[1.100543638],"iteration":274,"passed_time":1.812389618,"remaining_time":4.778118083},
{"learn":[1.099794763],"iteration":275,"passed_time":1.818693696,"remaining_time":4.770776216},
{"learn":[1.099250622],"iteration":276,"passed_time":1.824373597,"remaining_time":4.761812674},
{"learn":[1.098907353],"iteration":277,"passed_time":1.830153159,"remaining_time":4.753131584},
{"learn":[1.098638411],"iteration":278,"passed_time":1.835908912,"remaining_time":4.744409769},
{"learn":[1.09823391],"iteration":279,"passed_time":1.841500926,"remaining_time":4.735288094},
{"learn":[1.098062147],"iteration":280,"passed_time":1.847170502,"remaining_time":4.726390003},
{"learn":[1.097988453],"iteration":281,"passed_time":1.852539385,"remaining_time":4.716749215},
{"learn":[1.097764093],"iteration":282,"passed_time":1.857936448,"remaining_time":4.707210011},
{"learn":[1.097321427],"iteration":283,"passed_time":1.864094848,"remaining_time":4.699619406},
{"learn":[1.097218277],"iteration":284,"passed_time":1.869657327,"remaining_time":4.690543819},
{"learn":[1.097048719],"iteration":285,"passed_time":1.87556635,"remaining_time":4.682357951},
{"learn":[1.096630349],"iteration":286,"passed_time":1.88186178,"remaining_time":4.675147906},
{"learn":[1.096327981],"iteration":287,"passed_time":1.887372879,"remaining_time":4.666005172},
{"learn":[1.09554343],"iteration":288,"passed_time":1.893824535,"remaining_time":4.659201537},
{"learn":[1.09486103],"iteration":289,"passed_time":1.899858975,"remaining_time":4.65137887},
{"learn":[1.094631121],"iteration":290,"passed_time":1.905299704,"remaining_time":4.64212196},
{"learn":[1.094004368],"iteration":291,"passed_time":1.911631404,"remaining_time":4.635051487},
{"learn":[1.093699181],"iteration":292,"passed_time":1.916981639,"remaining_time":4.625617811},
{"learn":[1.093108358],"iteration":293,"passed_time":1.922873551,"remaining_time":4.617512676},
{"learn":[1.092817109],"iteration":294,"passed_time":1.929013709,"remaining_time":4.610015812},
{"learn":[1.092316449],"iteration":295,"passed_time":1.934623974,"remaining_time":4.60126783},
{"learn":[1.091771404],"iteration":296,"passed_time":1.940902367,"remaining_time":4.594122438},
{"learn":[1.091591877],"iteration":297,"passed_time":1.94632333,"remaining_time":4.584963012},
{"learn":[1.09113227],"iteration":298,"passed_time":1.952220807,"remaining_time":4.576945772},
{"learn":[1.090184599],"iteration":299,"passed_time":1.95867384,"remaining_time":4.57023896},
{"learn":[1.089513792],"iteration":300,"passed_time":1.965295141,"remaining_time":4.563924597},
{"learn":[1.088982307],"iteration":301,"passed_time":1.971337369,"remaining_time":4.556269813},
{"learn":[1.088362738],"iteration":302,"passed_time":1.977483886,"remaining_time":4.548865572},
{"learn":[1.088047049],"iteration":303,"passed_time":1.983164991,"remaining_time":4.540404058},
{"learn":[1.087930121],"iteration":304,"passed_time":1.988882405,"remaining_time":4.532043512},
{"learn":[1.087086158],"iteration":305,"passed_time":1.995462738,"remaining_time":4.525657322},
{"learn":[1.086562144],"iteration":306,"passed_time":2.001342215,"remaining_time":4.517687802},
{"learn":[1.086060918],"iteration":307,"passed_time":2.008456429,"remaining_time":4.512506004},
{"learn":[1.085399259],"iteration":308,"passed_time":2.015166981,"remaining_time":4.506409008},
{"learn":[1.084759192],"iteration":309,"passed_time":2.021269904,"remaining_time":4.498955593},
{"learn":[1.084489336],"iteration":310,"passed_time":2.027326788,"remaining_time":4.491408865},
{"learn":[1.084219281],"iteration":311,"passed_time":2.0328621,"remaining_time":4.482721555},
{"learn":[1.0840394],"iteration":312,"passed_time":2.038571334,"remaining_time":4.474436124},
{"learn":[1.083934829],"iteration":313,"passed_time":2.044564697,"remaining_time":4.466787841},
{"learn":[1.083708446],"iteration":314,"passed_time":2.049895711,"remaining_time":4.45770972},
{"learn":[1.083171026],"iteration":315,"passed_time":2.055985368,"remaining_time":4.450297442},
{"learn":[1.082511644],"iteration":316,"passed_time":2.062008506,"remaining_time":4.442750187},
{"learn":[1.082341647],"iteration":317,"passed_time":2.073072506,"remaining_time":4.446023424},
{"learn":[1.082008787],"iteration":318,"passed_time":2.079116248,"remaining_time":4.438489545},
{"learn":[1.081068714],"iteration":319,"passed_time":2.084785216,"remaining_time":4.430168584},
{"learn":[1.080570178],"iteration":320,"passed_time":2.091417519,"remaining_time":4.423901856},
{"learn":[1.079813237],"iteration":321,"passed_time":2.097565045,"remaining_time":4.416612114},
{"learn":[1.079673305],"iteration":322,"passed_time":2.103196954,"remaining_time":4.408248724},
{"learn":[1.079134553],"iteration":323,"passed_time":2.109908581,"remaining_time":4.402154941},
{"learn":[1.078652914],"iteration":324,"passed_time":2.115727769,"remaining_time":4.394203827},
{"learn":[1.078079071],"iteration":325,"passed_time":2.122120891,"remaining_time":4.387452394},
{"learn":[1.077861445],"iteration":326,"passed_time":2.127655898,"remaining_time":4.378937062},
{"learn":[1.07753773],"iteration":327,"passed_time":2.133191291,"remaining_time":4.370440694},
{"learn":[1.077320827],"iteration":328,"passed_time":2.138683869,"remaining_time":4.361875004},
{"learn":[1.076901531],"iteration":329,"passed_time":2.14425155,"remaining_time":4.35348042},
{"learn":[1.07656786],"iteration":330,"passed_time":2.150188315,"remaining_time":4.345848891},
{"learn":[1.076495224],"iteration":331,"passed_time":2.155574518,"remaining_time":4.337119813},
{"learn":[1.07581074],"iteration":332,"passed_time":2.161811581,"remaining_time":4.330115088},
{"learn":[1.07547158],"iteration":333,"passed_time":2.168211782,"remaining_time":4.323440259},
{"learn":[1.075298636],"iteration":334,"passed_time":2.174091966,"remaining_time":4.315734798},
{"learn":[1.074819211],"iteration":335,"passed_time":2.180073005,"remaining_time":4.30823951},
{"learn":[1.074608365],"iteration":336,"passed_time":2.186254293,"remaining_time":4.301147171},
{"learn":[1.074012174],"iteration":337,"passed_time":2.192463733,"remaining_time":4.294115358},
{"learn":[1.073343183],"iteration":338,"passed_time":2.198349201,"remaining_time":4.286456702},
{"learn":[1.073153175],"iteration":339,"passed_time":2.204666752,"remaining_time":4.279647224},
{"learn":[1.07297606],"iteration":340,"passed_time":2.210560107,"remaining_time":4.272020852},
{"learn":[1.072617727],"iteration":341,"passed_time":2.216322672,"remaining_time":4.264152977},
{"learn":[1.072173778],"iteration":342,"passed_time":2.22219512,"remaining_time":4.256507854},
{"learn":[1.072096768],"iteration":343,"passed_time":2.227541788,"remaining_time":4.247870387},
{"learn":[1.07152232],"iteration":344,"passed_time":2.233466263,"remaining_time":4.240348992},
{"learn":[1.071047587],"iteration":345,"passed_time":2.239188872,"remaining_time":4.232455266},
{"learn":[1.070930463],"iteration":346,"passed_time":2.244467917,"remaining_time":4.223739336},
{"learn":[1.070592056],"iteration":347,"passed_time":2.250668767,"remaining_time":4.216770218},
{"learn":[1.069859143],"iteration":348,"passed_time":2.256722548,"remaining_time":4.20953117},
{"learn":[1.06932223],"iteration":349,"passed_time":2.262743658,"remaining_time":4.202238222},
{"learn":[1.069171147],"iteration":350,"passed_time":2.269099444,"remaining_time":4.195571337},
{"learn":[1.068906673],"iteration":351,"passed_time":2.274452488,"remaining_time":4.187060262},
{"learn":[1.06841705],"iteration":352,"passed_time":2.280674856,"remaining_time":4.180160431},
{"learn":[1.067923544],"iteration":353,"passed_time":2.286795022,"remaining_time":4.173077922},
{"learn":[1.067808889],"iteration":354,"passed_time":2.292312578,"remaining_time":4.164905951},
{"learn":[1.067140082],"iteration":355,"passed_time":2.297946015,"remaining_time":4.156958521},
{"learn":[1.066643659],"iteration":356,"passed_time":2.303920012,"remaining_time":4.149637444},
{"learn":[1.066442381],"iteration":357,"passed_time":2.30926556,"remaining_time":4.141196898},
{"learn":[1.065927331],"iteration":358,"passed_time":2.315695442,"remaining_time":4.134709689},
{"learn":[1.065353061],"iteration":359,"passed_time":2.322035502,"remaining_time":4.128063114},
{"learn":[1.065000288],"iteration":360,"passed_time":2.328079613,"remaining_time":4.120894383},
{"learn":[1.064853335],"iteration":361,"passed_time":2.334000385,"remaining_time":4.113514491},
{"learn":[1.064167999],"iteration":362,"passed_time":2.339809757,"remaining_time":4.10594715},
{"learn":[1.063579799],"iteration":363,"passed_time":2.345662786,"remaining_time":4.098465746},
{"learn":[1.062926395],"iteration":364,"passed_time":2.351918488,"remaining_time":4.091693808},
{"learn":[1.062426503],"iteration":365,"passed_time":2.358000317,"remaining_time":4.0846235},
{"learn":[1.062326783],"iteration":366,"passed_time":2.363629093,"remaining_time":4.076777155},
{"learn":[1.062108164],"iteration":367,"passed_time":2.369604365,"remaining_time":4.069537931},
{"learn":[1.061966133],"iteration":368,"passed_time":2.375240955,"remaining_time":4.061726402},
{"learn":[1.061703437],"iteration":369,"passed_time":2.381468894,"remaining_time":4.054933523},
{"learn":[1.061414621],"iteration":370,"passed_time":2.38775202,"remaining_time":4.048237252},
{"learn":[1.060847626],"iteration":371,"passed_time":2.393937884,"remaining_time":4.041379009},
{"learn":[1.060589193],"iteration":372,"passed_time":2.399563792,"remaining_time":4.033583103},
{"learn":[1.060359297],"iteration":373,"passed_time":2.40643333,"remaining_time":4.027880386},
{"learn":[1.060171259],"iteration":374,"passed_time":2.412109272,"remaining_time":4.020182121},
{"learn":[1.060008072],"iteration":375,"passed_time":2.417919625,"remaining_time":4.012717676},
{"learn":[1.059588909],"iteration":376,"passed_time":2.423707503,"remaining_time":4.005224866},
{"learn":[1.059092679],"iteration":377,"passed_time":2.429927014,"remaining_time":3.99845133},
{"learn":[1.058606385],"iteration":378,"passed_time":2.436245784,"remaining_time":3.991843355},
{"learn":[1.057976889],"iteration":379,"passed_time":2.441948992,"remaining_time":3.984232565},
{"learn":[1.057418695],"iteration":380,"passed_time":2.448155195,"remaining_time":3.977448992},
{"learn":[1.057289634],"iteration":381,"passed_time":2.453686075,"remaining_time":3.969575902},
{"learn":[1.057158089],"iteration":382,"passed_time":2.459215031,"remaining_time":3.961711943},
{"learn":[1.056962298],"iteration":383,"passed_time":2.465061992,"remaining_time":3.954370279},
{"learn":[1.056361424],"iteration":384,"passed_time":2.471243083,"remaining_time":3.94757012},
{"learn":[1.056250583],"iteration":385,"passed_time":2.47727729,"remaining_time":3.940539524},
{"learn":[1.055642418],"iteration":386,"passed_time":2.483971961,"remaining_time":3.934560237},
{"learn":[1.055543631],"iteration":387,"passed_time":2.489625284,"remaining_time":3.926934726},
{"learn":[1.055491612],"iteration":388,"passed_time":2.495455353,"remaining_time":3.919596968},
{"learn":[1.055249721],"iteration":389,"passed_time":2.501476,"remaining_time":3.912565025},
{"learn":[1.05485057],"iteration":390,"passed_time":2.507309078,"remaining_time":3.905246108},
{"learn":[1.054377465],"iteration":391,"passed_time":2.513733027,"remaining_time":3.898851225},
{"learn":[1.05403697],"iteration":392,"passed_time":2.520018564,"remaining_time":3.892242413},
{"learn":[1.053590413],"iteration":393,"passed_time":2.525513705,"remaining_time":3.884419556},
{"learn":[1.053498461],"iteration":394,"passed_time":2.531131461,"remaining_time":3.876796288},
{"learn":[1.053099981],"iteration":395,"passed_time":2.537058806,"remaining_time":3.869655351},
{"learn":[1.052634822],"iteration":396,"passed_time":2.542792781,"remaining_time":3.862226819},
{"learn":[1.052118753],"iteration":397,"passed_time":2.54874116,"remaining_time":3.855131102},
{"learn":[1.051663897],"iteration":398,"passed_time":2.5546948,"remaining_time":3.84804906},
{"learn":[1.051360283],"iteration":399,"passed_time":2.561014192,"remaining_time":3.841521287},
{"learn":[1.050969227],"iteration":400,"passed_time":2.567350956,"remaining_time":3.835020505},
{"learn":[1.050482729],"iteration":401,"passed_time":2.573396048,"remaining_time":3.828086659},
{"learn":[1.050116414],"iteration":402,"passed_time":2.579548734,"remaining_time":3.821316611},
{"learn":[1.049845319],"iteration":403,"passed_time":2.585591337,"remaining_time":3.81438722},
{"learn":[1.049783372],"iteration":404,"passed_time":2.591059409,"remaining_time":3.806618144},
{"learn":[1.049268983],"iteration":405,"passed_time":2.597279372,"remaining_time":3.799960461},
{"learn":[1.049084244],"iteration":406,"passed_time":2.602657442,"remaining_time":3.792078288},
{"learn":[1.0487927],"iteration":407,"passed_time":2.608484365,"remaining_time":3.784859666},
{"learn":[1.048473225],"iteration":408,"passed_time":2.614152206,"remaining_time":3.77741798},
{"learn":[1.048052644],"iteration":409,"passed_time":2.619887983,"remaining_time":3.770082707},
{"learn":[1.047920439],"iteration":410,"passed_time":2.625969273,"remaining_time":3.763250369},
{"learn":[1.047864869],"iteration":411,"passed_time":2.631417561,"remaining_time":3.755518267},
{"learn":[1.047756689],"iteration":412,"passed_time":2.637066842,"remaining_time":3.748082897},
{"learn":[1.047393459],"iteration":413,"passed_time":2.643108461,"remaining_time":3.741211494},
{"learn":[1.047007328],"iteration":414,"passed_time":2.649104436,"remaining_time":3.734279747},
{"learn":[1.046888679],"iteration":415,"passed_time":2.654607955,"remaining_time":3.726661168},
{"learn":[1.046723668],"iteration":416,"passed_time":2.660456587,"remaining_time":3.719535229},
{"learn":[1.046334309],"iteration":417,"passed_time":2.667274276,"remaining_time":3.713764662},
{"learn":[1.046019325],"iteration":418,"passed_time":2.673191519,"remaining_time":3.706740507},
{"learn":[1.04547632],"iteration":419,"passed_time":2.679537193,"remaining_time":3.700313266},
{"learn":[1.045181683],"iteration":420,"passed_time":2.685349724,"remaining_time":3.693153184},
{"learn":[1.045108591],"iteration":421,"passed_time":2.690841782,"remaining_time":3.685560545},
{"learn":[1.044918348],"iteration":422,"passed_time":2.696552734,"remaining_time":3.678276424},
{"learn":[1.044855354],"iteration":423,"passed_time":2.702577638,"remaining_time":3.671426226},
{"learn":[1.044696719],"iteration":424,"passed_time":2.708308911,"remaining_time":3.664182644},
{"learn":[1.044301707],"iteration":425,"passed_time":2.714787362,"remaining_time":3.657952925},
{"learn":[1.043819301],"iteration":426,"passed_time":2.720940012,"remaining_time":3.65128484},
{"learn":[1.043721936],"iteration":427,"passed_time":2.726641789,"remaining_time":3.644016596},
{"learn":[1.043301893],"iteration":428,"passed_time":2.732985428,"remaining_time":3.637609975},
{"learn":[1.043056531],"iteration":429,"passed_time":2.738513038,"remaining_time":3.630121934},
{"learn":[1.042468601],"iteration":430,"passed_time":2.744337954,"remaining_time":3.62303549},
{"learn":[1.041815217],"iteration":431,"passed_time":2.750595177,"remaining_time":3.616523288},
{"learn":[1.041675433],"iteration":432,"passed_time":2.75643374,"remaining_time":3.609464043},
{"learn":[1.041430231],"iteration":433,"passed_time":2.762419959,"remaining_time":3.602602988},
{"learn":[1.041257651],"iteration":434,"passed_time":2.768045383,"remaining_time":3.595277337},
{"learn":[1.040961187],"iteration":435,"passed_time":2.774167606,"remaining_time":3.588602133},
{"learn":[1.040553778],"iteration":436,"passed_time":2.780281369,"remaining_time":3.58191856},
{"learn":[1.040267463],"iteration":437,"passed_time":2.785968696,"remaining_time":3.574690428},
{"learn":[1.039983855],"iteration":438,"passed_time":2.79177435,"remaining_time":3.567620525},
{"learn":[1.039929577],"iteration":439,"passed_time":2.798083796,"remaining_time":3.561197559},
{"learn":[1.039565943],"iteration":440,"passed_time":2.804060077,"remaining_time":3.554352796},
{"learn":[1.039134792],"iteration":441,"passed_time":2.810671487,"remaining_time":3.548313778},
{"learn":[1.03906815],"iteration":442,"passed_time":2.815929321,"remaining_time":3.540570275},
{"learn":[1.038772677],"iteration":443,"passed_time":2.822094183,"remaining_time":3.533973797},
{"learn":[1.03857103],"iteration":444,"passed_time":2.828036497,"remaining_time":3.527101699},
{"learn":[1.038273465],"iteration":445,"passed_time":2.833827742,"remaining_time":3.520046119},
{"learn":[1.038011189],"iteration":446,"passed_time":2.839763151,"remaining_time":3.513174547},
{"learn":[1.03786441],"iteration":447,"passed_time":2.84547825,"remaining_time":3.506035701},
{"learn":[1.037461874],"iteration":448,"passed_time":2.851274416,"remaining_time":3.499002679},
{"learn":[1.037146561],"iteration":449,"passed_time":2.857604822,"remaining_time":3.492628115},
{"learn":[1.037002088],"iteration":450,"passed_time":2.863369698,"remaining_time":3.485565331},
{"learn":[1.036862658],"iteration":451,"passed_time":2.868921237,"remaining_time":3.478249641},
{"learn":[1.03678643],"iteration":452,"passed_time":2.874495834,"remaining_time":3.470969584},
{"learn":[1.03626866],"iteration":453,"passed_time":2.880780937,"remaining_time":3.464551523},
{"learn":[1.035973888],"iteration":454,"passed_time":2.890866344,"remaining_time":3.462686061},
{"learn":[1.035470027],"iteration":455,"passed_time":2.900736818,"remaining_time":3.460528134},
{"learn":[1.035269459],"iteration":456,"passed_time":2.909951501,"remaining_time":3.457557254},
{"learn":[1.035198863],"iteration":457,"passed_time":2.918523479,"remaining_time":3.453798527},
{"learn":[1.035143306],"iteration":458,"passed_time":2.926766579,"remaining_time":3.449631196},
{"learn":[1.034710056],"iteration":459,"passed_time":2.934733085,"remaining_time":3.445121448},
{"learn":[1.034327326],"iteration":460,"passed_time":2.941790052,"remaining_time":3.439533271},
{"learn":[1.034128411],"iteration":461,"passed_time":2.94788777,"remaining_time":3.432821689},
{"learn":[1.033864636],"iteration":462,"passed_time":2.954369192,"remaining_time":3.426557789},
{"learn":[1.033671945],"iteration":463,"passed_time":2.960014086,"remaining_time":3.419326617},
{"learn":[1.033176292],"iteration":464,"passed_time":2.96595317,"remaining_time":3.412440744},
{"learn":[1.032916374],"iteration":465,"passed_time":2.972271812,"remaining_time":3.405993879},
{"learn":[1.032781064],"iteration":466,"passed_time":2.977753765,"remaining_time":3.398592627},
{"learn":[1.03254576],"iteration":467,"passed_time":2.984208054,"remaining_time":3.392304882},
{"learn":[1.032377937],"iteration":468,"passed_time":2.98999654,"remaining_time":3.385262607},
{"learn":[1.032012163],"iteration":469,"passed_time":2.995912484,"remaining_time":3.378369397},
{"learn":[1.031869625],"iteration":470,"passed_time":3.002931034,"remaining_time":3.37271872},
{"learn":[1.031801447],"iteration":471,"passed_time":3.009380751,"remaining_time":3.366425924},
{"learn":[1.031629822],"iteration":472,"passed_time":3.015199189,"remaining_time":3.359429117},
{"learn":[1.031248075],"iteration":473,"passed_time":3.021079525,"remaining_time":3.352505971},
{"learn":[1.03082679],"iteration":474,"passed_time":3.026652516,"remaining_time":3.345247517},
{"learn":[1.030599426],"iteration":475,"passed_time":3.034775307,"remaining_time":3.340803069},
{"learn":[1.030144081],"iteration":476,"passed_time":3.040930911,"remaining_time":3.334186303},
{"learn":[1.029753433],"iteration":477,"passed_time":3.047324285,"remaining_time":3.327831123},
{"learn":[1.029678652],"iteration":478,"passed_time":3.053268429,"remaining_time":3.320987164},
{"learn":[1.029273768],"iteration":479,"passed_time":3.059435259,"remaining_time":3.314388197},
{"learn":[1.029003686],"iteration":480,"passed_time":3.065327787,"remaining_time":3.307495055},
{"learn":[1.028558197],"iteration":481,"passed_time":3.07145057,"remaining_time":3.300853517},
{"learn":[1.02828343],"iteration":482,"passed_time":3.07703272,"remaining_time":3.293635438},
{"learn":[1.028069191],"iteration":483,"passed_time":3.083007019,"remaining_time":3.286842193},
{"learn":[1.027716307],"iteration":484,"passed_time":3.089019227,"remaining_time":3.280092581},
{"learn":[1.027659852],"iteration":485,"passed_time":3.094676498,"remaining_time":3.272970617},
{"learn":[1.02728481],"iteration":486,"passed_time":3.100866974,"remaining_time":3.26641634},
{"learn":[1.027004489],"iteration":487,"passed_time":3.106339242,"remaining_time":3.259110025},
{"learn":[1.026824756],"iteration":488,"passed_time":3.112352067,"remaining_time":3.252376087},
{"learn":[1.026756276],"iteration":489,"passed_time":3.118023662,"remaining_time":3.245289934},
{"learn":[1.026407521],"iteration":490,"passed_time":3.123867826,"remaining_time":3.238388439},
{"learn":[1.026038769],"iteration":491,"passed_time":3.129507779,"remaining_time":3.23128039},
{"learn":[1.025989295],"iteration":492,"passed_time":3.135175746,"remaining_time":3.224207106},
{"learn":[1.025913119],"iteration":493,"passed_time":3.140827189,"remaining_time":3.217122586},
{"learn":[1.025822778],"iteration":494,"passed_time":3.146277567,"remaining_time":3.20983873},
{"learn":[1.025673422],"iteration":495,"passed_time":3.152135577,"remaining_time":3.202976474},
{"learn":[1.025208436],"iteration":496,"passed_time":3.157928382,"remaining_time":3.196052266},
{"learn":[1.025013571],"iteration":497,"passed_time":3.164127579,"remaining_time":3.189542258},
{"learn":[1.02487573],"iteration":498,"passed_time":3.169978373,"remaining_time":3.182683697},
{"learn":[1.024494312],"iteration":499,"passed_time":3.176265332,"remaining_time":3.176265332},
{"learn":[1.024319294],"iteration":500,"passed_time":3.182430186,"remaining_time":3.169725874},
{"learn":[1.024280694],"iteration":501,"passed_time":3.187894852,"remaining_time":3.162493299},
{"learn":[1.024197752],"iteration":502,"passed_time":3.193237237,"remaining_time":3.155146932},
{"learn":[1.0241155],"iteration":503,"passed_time":3.198735694,"remaining_time":3.147962112},
{"learn":[1.023974914],"iteration":504,"passed_time":3.204486168,"remaining_time":3.141030996},
{"learn":[1.023861313],"iteration":505,"passed_time":3.209780121,"remaining_time":3.133658853},
{"learn":[1.023551171],"iteration":506,"passed_time":3.216160154,"remaining_time":3.127350998},
{"learn":[1.023321553],"iteration":507,"passed_time":3.221924793,"remaining_time":3.120446847},
{"learn":[1.023150898],"iteration":508,"passed_time":3.229265939,"remaining_time":3.11506793},
{"learn":[1.023096658],"iteration":509,"passed_time":3.234842252,"remaining_time":3.107985693},
{"learn":[1.023048099],"iteration":510,"passed_time":3.240494266,"remaining_time":3.100981792},
{"learn":[1.022863739],"iteration":511,"passed_time":3.246062934,"remaining_time":3.093903734},
{"learn":[1.02278056],"iteration":512,"passed_time":3.252305367,"remaining_time":3.087471176},
{"learn":[1.022735742],"iteration":513,"passed_time":3.257842459,"remaining_time":3.080372442},
{"learn":[1.022501151],"iteration":514,"passed_time":3.263842597,"remaining_time":3.073715844},
{"learn":[1.022376408],"iteration":515,"passed_time":3.269307369,"remaining_time":3.066559625},
{"learn":[1.022187602],"iteration":516,"passed_time":3.275976877,"remaining_time":3.060535458},
{"learn":[1.021823206],"iteration":517,"passed_time":3.281920593,"remaining_time":3.053833448},
{"learn":[1.021665117],"iteration":518,"passed_time":3.287915061,"remaining_time":3.047181395},
{"learn":[1.021423874],"iteration":519,"passed_time":3.293925298,"remaining_time":3.040546429},
{"learn":[1.02128799],"iteration":520,"passed_time":3.299533383,"remaining_time":3.033544128},
{"learn":[1.021046304],"iteration":521,"passed_time":3.30487074,"remaining_time":3.02629926},
{"learn":[1.020830036],"iteration":522,"passed_time":3.311023431,"remaining_time":3.019805309},
{"learn":[1.020730336],"iteration":523,"passed_time":3.316615733,"remaining_time":3.012803605},
{"learn":[1.02066114],"iteration":524,"passed_time":3.321901796,"remaining_time":3.005530196},
{"learn":[1.020603547],"iteration":525,"passed_time":3.327637184,"remaining_time":2.998669249},
{"learn":[1.020534762],"iteration":526,"passed_time":3.332943748,"remaining_time":2.99142769},
{"learn":[1.020332784],"iteration":527,"passed_time":3.33849422,"remaining_time":2.984411499},
{"learn":[1.020257218],"iteration":528,"passed_time":3.344197222,"remaining_time":2.977536657},
{"learn":[1.01979768],"iteration":529,"passed_time":3.350536979,"remaining_time":2.971230906},
{"learn":[1.019608097],"iteration":530,"passed_time":3.356652742,"remaining_time":2.964727186},
{"learn":[1.019430568],"iteration":531,"passed_time":3.362675233,"remaining_time":2.958142874},
{"learn":[1.019199985],"iteration":532,"passed_time":3.368353026,"remaining_time":2.951258655},
{"learn":[1.018971583],"iteration":533,"passed_time":3.374300466,"remaining_time":2.944614265},
{"learn":[1.018396659],"iteration":534,"passed_time":3.380474079,"remaining_time":2.938169059},
{"learn":[1.018076211],"iteration":535,"passed_time":3.386321423,"remaining_time":2.931442426},
{"learn":[1.017892371],"iteration":536,"passed_time":3.392234454,"remaining_time":2.924775703},
{"learn":[1.017563136],"iteration":537,"passed_time":3.398214436,"remaining_time":2.918169274},
{"learn":[1.017287437],"iteration":538,"passed_time":3.404120551,"remaining_time":2.911501992},
{"learn":[1.016938339],"iteration":539,"passed_time":3.409839489,"remaining_time":2.904678083},
{"learn":[1.016873141],"iteration":540,"passed_time":3.419804429,"remaining_time":2.90146069},
{"learn":[1.016581067],"iteration":541,"passed_time":3.429547869,"remaining_time":2.898031225},
{"learn":[1.016506766],"iteration":542,"passed_time":3.437773619,"remaining_time":2.893301186},
{"learn":[1.016291657],"iteration":543,"passed_time":3.444492416,"remaining_time":2.887295113},
{"learn":[1.016127769],"iteration":544,"passed_time":3.450815129,"remaining_time":2.88095575},
{"learn":[1.015854276],"iteration":545,"passed_time":3.457529389,"remaining_time":2.87494202},
{"learn":[1.015447995],"iteration":546,"passed_time":3.463810986,"remaining_time":2.868567416},
{"learn":[1.015226682],"iteration":547,"passed_time":3.469849207,"remaining_time":2.861992412},
{"learn":[1.014966791],"iteration":548,"passed_time":3.476230864,"remaining_time":2.855701493},
{"learn":[1.014715006],"iteration":549,"passed_time":3.481721213,"remaining_time":2.848680992},
{"learn":[1.014444107],"iteration":550,"passed_time":3.488383778,"remaining_time":2.842621264},
{"learn":[1.01423302],"iteration":551,"passed_time":3.494448295,"remaining_time":2.836073979},
{"learn":[1.014190279],"iteration":552,"passed_time":3.500367954,"remaining_time":2.829411348},
{"learn":[1.013954821],"iteration":553,"passed_time":3.506222924,"remaining_time":2.822699321},
{"learn":[1.013803702],"iteration":554,"passed_time":3.511593685,"remaining_time":2.815602144},
{"learn":[1.013726316],"iteration":555,"passed_time":3.51694247,"remaining_time":2.808493627},
{"learn":[1.013671679],"iteration":556,"passed_time":3.522741123,"remaining_time":2.801749224},
{"learn":[1.013581138],"iteration":557,"passed_time":3.528307695,"remaining_time":2.794824375},
{"learn":[1.013351225],"iteration":558,"passed_time":3.53568896,"remaining_time":2.789336013},
{"learn":[1.01313582],"iteration":559,"passed_time":3.549168169,"remaining_time":2.788632133},
{"learn":[1.013051882],"iteration":560,"passed_time":3.557747546,"remaining_time":2.784048436},
{"learn":[1.012563227],"iteration":561,"passed_time":3.564512077,"remaining_time":2.778036103},
{"learn":[1.012157039],"iteration":562,"passed_time":3.570888383,"remaining_time":2.771719757},
{"learn":[1.011733437],"iteration":563,"passed_time":3.577088277,"remaining_time":2.765266824},
{"learn":[1.011620599],"iteration":564,"passed_time":3.5826413,"remaining_time":2.758316753},
{"learn":[1.011355532],"iteration":565,"passed_time":3.58852493,"remaining_time":2.751625123},
{"learn":[1.011084335],"iteration":566,"passed_time":3.594695562,"remaining_time":2.745155518},
{"learn":[1.010878925],"iteration":567,"passed_time":3.600776016,"remaining_time":2.738618378},
{"learn":[1.010470487],"iteration":568,"passed_time":3.607231899,"remaining_time":2.732367221},
{"learn":[1.010255595],"iteration":569,"passed_time":3.613067501,"remaining_time":2.725647413},
{"learn":[1.010096092],"iteration":570,"passed_time":3.618929718,"remaining_time":2.718950699},
{"learn":[1.009705355],"iteration":571,"passed_time":3.625205178,"remaining_time":2.712566112},
{"learn":[1.009421671],"iteration":572,"passed_time":3.630868799,"remaining_time":2.705725963},
{"learn":[1.009118656],"iteration":573,"passed_time":3.637064214,"remaining_time":2.699284591},
{"learn":[1.009055996],"iteration":574,"passed_time":3.642271212,"remaining_time":2.692113504},
{"learn":[1.008880214],"iteration":575,"passed_time":3.647735812,"remaining_time":2.685138862},
{"learn":[1.008664065],"iteration":576,"passed_time":3.653889012,"remaining_time":2.678674267},
{"learn":[1.008378059],"iteration":577,"passed_time":3.65995573,"remaining_time":2.672147609},
{"learn":[1.008154434],"iteration":578,"passed_time":3.666183883,"remaining_time":2.665739922},
{"learn":[1.008113443],"iteration":579,"passed_time":3.671837516,"remaining_time":2.658916822},
{"learn":[1.008056904],"iteration":580,"passed_time":3.677480199,"remaining_time":2.652089851},
{"learn":[1.007956474],"iteration":581,"passed_time":3.683023999,"remaining_time":2.645195931},
{"learn":[1.007868596],"iteration":582,"passed_time":3.688876217,"remaining_time":2.638527243},
{"learn":[1.00761071],"iteration":583,"passed_time":3.694936102,"remaining_time":2.632009278},
{"learn":[1.007582536],"iteration":584,"passed_time":3.700428084,"remaining_time":2.625090008},
{"learn":[1.007483775],"iteration":585,"passed_time":3.705784524,"remaining_time":2.618079851},
{"learn":[1.007198658],"iteration":586,"passed_time":3.711699699,"remaining_time":2.611468442},
{"learn":[1.007085102],"iteration":587,"passed_time":3.717204962,"remaining_time":2.604572184},
{"learn":[1.006883271],"iteration":588,"passed_time":3.722908194,"remaining_time":2.597818791},
{"learn":[1.006836368],"iteration":589,"passed_time":3.72841389,"remaining_time":2.590931686},
{"learn":[1.006624585],"iteration":590,"passed_time":3.734591493,"remaining_time":2.584514248},
{"learn":[1.00649611],"iteration":591,"passed_time":3.740308717,"remaining_time":2.577780332},
{"learn":[1.006324674],"iteration":592,"passed_time":3.746127833,"remaining_time":2.571119778},
{"learn":[1.005916082],"iteration":593,"passed_time":3.752134537,"remaining_time":2.564590273},
{"learn":[1.005882132],"iteration":594,"passed_time":3.758544022,"remaining_time":2.558336687},
{"learn":[1.005853487],"iteration":595,"passed_time":3.763933384,"remaining_time":2.551391086},
{"learn":[1.005695447],"iteration":596,"passed_time":3.770628817,"remaining_time":2.545332351},
{"learn":[1.005454546],"iteration":597,"passed_time":3.776451994,"remaining_time":2.53868512},
{"learn":[1.005386338],"iteration":598,"passed_time":3.782287085,"remaining_time":2.532048616},
{"learn":[1.005263567],"iteration":599,"passed_time":3.788216917,"remaining_time":2.525477945},
{"learn":[1.005012143],"iteration":600,"passed_time":3.79369099,"remaining_time":2.518606831},
{"learn":[1.004760417],"iteration":601,"passed_time":3.80015589,"remaining_time":2.512395423},
{"learn":[1.004668503],"iteration":602,"passed_time":3.80631273,"remaining_time":2.505980355},
{"learn":[1.004503858],"iteration":603,"passed_time":3.812356135,"remaining_time":2.49949177},
{"learn":[1.004368074],"iteration":604,"passed_time":3.818172225,"remaining_time":2.492856246},
{"learn":[1.004077833],"iteration":605,"passed_time":3.823962136,"remaining_time":2.486206405},
{"learn":[1.00371041],"iteration":606,"passed_time":3.830142311,"remaining_time":2.479812073},
{"learn":[1.003258191],"iteration":607,"passed_time":3.83671361,"remaining_time":2.473670617},
{"learn":[1.002880636],"iteration":608,"passed_time":3.842787769,"remaining_time":2.467208568},
{"learn":[1.002628502],"iteration":609,"passed_time":3.849324785,"remaining_time":2.461043715},
{"learn":[1.002452399],"iteration":610,"passed_time":3.854786459,"remaining_time":2.454193015},
{"learn":[1.00229224],"iteration":611,"passed_time":3.86107625,"remaining_time":2.447871871},
{"learn":[1.002158857],"iteration":612,"passed_time":3.866964854,"remaining_time":2.441297551},
{"learn":[1.001967232],"iteration":613,"passed_time":3.872935575,"remaining_time":2.434777088},
{"learn":[1.001938663],"iteration":614,"passed_time":3.878339035,"remaining_time":2.427903299},
{"learn":[1.001836455],"iteration":615,"passed_time":3.884170017,"remaining_time":2.42130079},
{"learn":[1.001804809],"iteration":616,"passed_time":3.889791793,"remaining_time":2.414570918},
{"learn":[1.001626619],"iteration":617,"passed_time":3.895503547,"remaining_time":2.407900251},
{"learn":[1.001245104],"iteration":618,"passed_time":3.901828638,"remaining_time":2.401610196},
{"learn":[1.0009592],"iteration":619,"passed_time":3.907420993,"remaining_time":2.394870931},
{"learn":[1.00080271],"iteration":620,"passed_time":3.912959076,"remaining_time":2.388102238},
{"learn":[1.000654896],"iteration":621,"passed_time":3.918894995,"remaining_time":2.381579274},
{"learn":[1.000581071],"iteration":622,"passed_time":3.924403427,"remaining_time":2.374799505},
{"learn":[1.000469209],"iteration":623,"passed_time":3.930192627,"remaining_time":2.368192993},
{"learn":[1.000332164],"iteration":624,"passed_time":3.937486878,"remaining_time":2.362492127},
{"learn":[1.000137133],"iteration":625,"passed_time":3.943768115,"remaining_time":2.35618095},
{"learn":[0.9998642886],"iteration":626,"passed_time":3.950126929,"remaining_time":2.34991602},
{"learn":[0.9997479326],"iteration":627,"passed_time":3.955935947,"remaining_time":2.343325115},
{"learn":[0.9995074589],"iteration":628,"passed_time":3.962598716,"remaining_time":2.33724026},
{"learn":[0.9994708421],"iteration":629,"passed_time":3.968512387,"remaining_time":2.330713624},
{"learn":[0.9989157019],"iteration":630,"passed_time":3.975557584,"remaining_time":2.324850631},
{"learn":[0.9988425055],"iteration":631,"passed_time":3.981899644,"remaining_time":2.318574476},
{"learn":[0.9987304872],"iteration":632,"passed_time":3.988492689,"remaining_time":2.312443629},
{"learn":[0.998708866],"iteration":633,"passed_time":3.995557852,"remaining_time":2.30658387},
{"learn":[0.998321222],"iteration":634,"passed_time":4.002440586,"remaining_time":2.300615455},
{"learn":[0.997955344],"iteration":635,"passed_time":4.010013289,"remaining_time":2.295039052},
{"learn":[0.9978386724],"iteration":636,"passed_time":4.016216203,"remaining_time":2.288675795},
{"learn":[0.9976914312],"iteration":637,"passed_time":4.02241865,"remaining_time":2.282312777},
{"learn":[0.9976534831],"iteration":638,"passed_time":4.028760019,"remaining_time":2.276028743},
{"learn":[0.9975046453],"iteration":639,"passed_time":4.035428455,"remaining_time":2.269928506},
{"learn":[0.9970000419],"iteration":640,"passed_time":4.0419253,"remaining_time":2.263730394},
{"learn":[0.9967453201],"iteration":641,"passed_time":4.048910907,"remaining_time":2.257803901},
{"learn":[0.9965726914],"iteration":642,"passed_time":4.055935148,"remaining_time":2.251895564},
{"learn":[0.9964750403],"iteration":643,"passed_time":4.062625023,"remaining_time":2.245798926},
{"learn":[0.9961724751],"iteration":644,"passed_time":4.069114143,"remaining_time":2.239589955},
{"learn":[0.9959771105],"iteration":645,"passed_time":4.074868727,"remaining_time":2.232977599},
{"learn":[0.9958767971],"iteration":646,"passed_time":4.080810573,"remaining_time":2.226470065},
{"learn":[0.9958410896],"iteration":647,"passed_time":4.086307004,"remaining_time":2.219722323},
{"learn":[0.995567421],"iteration":648,"passed_time":4.092677804,"remaining_time":2.213451324},
{"learn":[0.9952248483],"iteration":649,"passed_time":4.098312514,"remaining_time":2.206783661},
{"learn":[0.9951320121],"iteration":650,"passed_time":4.103903013,"remaining_time":2.200095471},
{"learn":[0.9950811214],"iteration":651,"passed_time":4.109589354,"remaining_time":2.193461803},
{"learn":[0.9949636111],"iteration":652,"passed_time":4.115081352,"remaining_time":2.186727763},
{"learn":[0.9949208087],"iteration":653,"passed_time":4.120701085,"remaining_time":2.1800651},
{"learn":[0.9948490204],"iteration":654,"passed_time":4.126375736,"remaining_time":2.173434548},
{"learn":[0.9947063358],"iteration":655,"passed_time":4.132441087,"remaining_time":2.167011789},
{"learn":[0.9946744455],"iteration":656,"passed_time":4.137874511,"remaining_time":2.160260209},
{"learn":[0.9946433464],"iteration":657,"passed_time":4.143410304,"remaining_time":2.153565842},
{"learn":[0.9944362506],"iteration":658,"passed_time":4.149467201,"remaining_time":2.147144636},
{"learn":[0.9942932656],"iteration":659,"passed_time":4.155499304,"remaining_time":2.140711763},
{"learn":[0.9941786636],"iteration":660,"passed_time":4.161075683,"remaining_time":2.134046379},
{"learn":[0.9940654223],"iteration":661,"passed_time":4.166916003,"remaining_time":2.127519047},
{"learn":[0.9938378063],"iteration":662,"passed_time":4.173142026,"remaining_time":2.121189838},
{"learn":[0.9938110091],"iteration":663,"passed_time":4.179031974,"remaining_time":2.114690878},
{"learn":[0.9937803995],"iteration":664,"passed_time":4.184550782,"remaining_time":2.108006785},
{"learn":[0.9937375814],"iteration":665,"passed_time":4.190160912,"remaining_time":2.101371989},
{"learn":[0.9934716757],"iteration":666,"passed_time":4.196508447,"remaining_time":2.095108415},
{"learn":[0.9932483523],"iteration":667,"passed_time":4.202065708,"remaining_time":2.088451819},
{"learn":[0.9930864359],"iteration":668,"passed_time":4.20769844,"remaining_time":2.08183585},
{"learn":[0.9929985183],"iteration":669,"passed_time":4.213561795,"remaining_time":2.075336407},
{"learn":[0.9928381804],"iteration":670,"passed_time":4.21897594,"remaining_time":2.068618606},
{"learn":[0.9925313962],"iteration":671,"passed_time":4.224808699,"remaining_time":2.062109008},
{"learn":[0.9920159248],"iteration":672,"passed_time":4.230772988,"remaining_time":2.05566533},
{"learn":[0.9919487297],"iteration":673,"passed_time":4.236338611,"remaining_time":2.049030248},
{"learn":[0.9919375915],"iteration":674,"passed_time":4.24180185,"remaining_time":2.042349039},
{"learn":[0.9917992908],"iteration":675,"passed_time":4.247327391,"remaining_time":2.035701294},
{"learn":[0.9916826532],"iteration":676,"passed_time":4.253175151,"remaining_time":2.029210596},
{"learn":[0.9913728712],"iteration":677,"passed_time":4.259591167,"remaining_time":2.022991675},
{"learn":[0.9911857109],"iteration":678,"passed_time":4.2653351,"remaining_time":2.016454443},
{"learn":[0.9911225615],"iteration":679,"passed_time":4.271321763,"remaining_time":2.010033771},
{"learn":[0.9910299315],"iteration":680,"passed_time":4.276627982,"remaining_time":2.003295633},
{"learn":[0.9907713383],"iteration":681,"passed_time":4.282507849,"remaining_time":1.996829173},
{"learn":[0.9905033798],"iteration":682,"passed_time":4.288724211,"remaining_time":1.990520607},
{"learn":[0.9900634311],"iteration":683,"passed_time":4.294720073,"remaining_time":1.984110443},
{"learn":[0.9899823368],"iteration":684,"passed_time":4.300448279,"remaining_time":1.977578406},
{"learn":[0.9897534874],"iteration":685,"passed_time":4.307357995,"remaining_time":1.97158952},
{"learn":[0.989654022],"iteration":686,"passed_time":4.313204461,"remaining_time":1.965113532},
{"learn":[0.9894079588],"iteration":687,"passed_time":4.319981105,"remaining_time":1.959061199},
{"learn":[0.9891070274],"iteration":688,"passed_time":4.325887525,"remaining_time":1.952613963},
{"learn":[0.9888985064],"iteration":689,"passed_time":4.332508345,"remaining_time":1.946489257},
{"learn":[0.9888595164],"iteration":690,"passed_time":4.338753764,"remaining_time":1.940195243},
{"learn":[0.9888353435],"iteration":691,"passed_time":4.344141372,"remaining_time":1.93351957},
{"learn":[0.9887008917],"iteration":692,"passed_time":4.349916252,"remaining_time":1.927019177},
{"learn":[0.988422893],"iteration":693,"passed_time":4.355904607,"remaining_time":1.920615},
{"learn":[0.9882254564],"iteration":694,"passed_time":4.361408131,"remaining_time":1.913999252},
{"learn":[0.9878017952],"iteration":695,"passed_time":4.367097869,"remaining_time":1.907468035},
{"learn":[0.987564455],"iteration":696,"passed_time":4.373142019,"remaining_time":1.901093302},
{"learn":[0.9875301366],"iteration":697,"passed_time":4.3785028,"remaining_time":1.894423848},
{"learn":[0.9872105927],"iteration":698,"passed_time":4.38471281,"remaining_time":1.888123828},
{"learn":[0.9871586856],"iteration":699,"passed_time":4.390520819,"remaining_time":1.88165178},
{"learn":[0.9869170507],"iteration":700,"passed_time":4.396463825,"remaining_time":1.875239206},
{"learn":[0.9867759657],"iteration":701,"passed_time":4.402332781,"remaining_time":1.868796537},
{"learn":[0.9864320731],"iteration":702,"passed_time":4.408144165,"remaining_time":1.862331176},
{"learn":[0.9861881077],"iteration":703,"passed_time":4.414225317,"remaining_time":1.855981099},
{"learn":[0.9858518284],"iteration":704,"passed_time":4.420242134,"remaining_time":1.849604864},
{"learn":[0.9858291942],"iteration":705,"passed_time":4.425665788,"remaining_time":1.842982637},
{"learn":[0.9856333514],"iteration":706,"passed_time":4.431291737,"remaining_time":1.836447636},
{"learn":[0.9856026232],"iteration":707,"passed_time":4.437251411,"remaining_time":1.830052842},
{"learn":[0.9855517975],"iteration":708,"passed_time":4.443046273,"remaining_time":1.82359163},
{"learn":[0.9855369651],"iteration":709,"passed_time":4.448717728,"remaining_time":1.817081889},
{"learn":[0.9853499592],"iteration":710,"passed_time":4.455057491,"remaining_time":1.810846153},
{"learn":[0.9852935723],"iteration":711,"passed_time":4.460769781,"remaining_time":1.804356316},
{"learn":[0.9852692519],"iteration":712,"passed_time":4.466501827,"remaining_time":1.797876612},
{"learn":[0.9851098719],"iteration":713,"passed_time":4.472303275,"remaining_time":1.791426802},
{"learn":[0.9848528247],"iteration":714,"passed_time":4.477835148,"remaining_time":1.784871353},
{"learn":[0.9846764883],"iteration":715,"passed_time":4.48402675,"remaining_time":1.778580443},
{"learn":[0.9845681712],"iteration":716,"passed_time":4.489785752,"remaining_time":1.772119063},
{"learn":[0.9845470937],"iteration":717,"passed_time":4.495193178,"remaining_time":1.765521555},
{"learn":[0.984438754],"iteration":718,"passed_time":4.500933113,"remaining_time":1.759057309},
{"learn":[0.9842430172],"iteration":719,"passed_time":4.507960399,"remaining_time":1.753095711},
{"learn":[0.9841497511],"iteration":720,"passed_time":4.513826259,"remaining_time":1.746681728},
{"learn":[0.9840768077],"iteration":721,"passed_time":4.520215976,"remaining_time":1.740470971},
{"learn":[0.9838299189],"iteration":722,"passed_time":4.526028978,"remaining_time":1.734038765},
{"learn":[0.983776745],"iteration":723,"passed_time":4.53307453,"remaining_time":1.728078136},
{"learn":[0.9836624183],"iteration":724,"passed_time":4.538973014,"remaining_time":1.721679419},
{"learn":[0.9834364314],"iteration":725,"passed_time":4.544559013,"remaining_time":1.715164146},
{"learn":[0.9832552242],"iteration":726,"passed_time":4.550415455,"remaining_time":1.708752984},
{"learn":[0.9831244889],"iteration":727,"passed_time":4.556351745,"remaining_time":1.70237318},
{"learn":[0.9829648491],"iteration":728,"passed_time":4.561960297,"remaining_time":1.695872758},
{"learn":[0.9827062343],"iteration":729,"passed_time":4.568050031,"remaining_time":1.689552751},
{"learn":[0.9826660592],"iteration":730,"passed_time":4.573596436,"remaining_time":1.683033436},
{"learn":[0.9825720866],"iteration":731,"passed_time":4.578952081,"remaining_time":1.676446937},
{"learn":[0.9825362221],"iteration":732,"passed_time":4.584624235,"remaining_time":1.669979087},
{"learn":[0.9825182908],"iteration":733,"passed_time":4.591071216,"remaining_time":1.663794201},
{"learn":[0.9824373149],"iteration":734,"passed_time":4.596907055,"remaining_time":1.657388258},
{"learn":[0.9822337018],"iteration":735,"passed_time":4.602785926,"remaining_time":1.6509993},
{"learn":[0.9820991984],"iteration":736,"passed_time":4.608682815,"remaining_time":1.644618155},
{"learn":[0.9818877661],"iteration":737,"passed_time":4.614918593,"remaining_time":1.638358633},
{"learn":[0.9818336816],"iteration":738,"passed_time":4.620680841,"remaining_time":1.631931934},
{"learn":[0.9815716645],"iteration":739,"passed_time":4.626767369,"remaining_time":1.625620968},
{"learn":[0.9813479914],"iteration":740,"passed_time":4.632666908,"remaining_time":1.619245249},
{"learn":[0.9810982563],"iteration":741,"passed_time":4.638294815,"remaining_time":1.612776364},
{"learn":[0.9809945474],"iteration":742,"passed_time":4.644276181,"remaining_time":1.606432003},
{"learn":[0.980682882],"iteration":743,"passed_time":4.650452211,"remaining_time":1.6001556},
{"learn":[0.9804567122],"iteration":744,"passed_time":4.65646827,"remaining_time":1.59382471},
{"learn":[0.9802038208],"iteration":745,"passed_time":4.663419408,"remaining_time":1.587813042},
{"learn":[0.9800409549],"iteration":746,"passed_time":4.668965922,"remaining_time":1.58132313},
{"learn":[0.9799324702],"iteration":747,"passed_time":4.674488513,"remaining_time":1.574827681},
{"learn":[0.9799227628],"iteration":748,"passed_time":4.679871148,"remaining_time":1.568287928},
{"learn":[0.9797604072],"iteration":749,"passed_time":4.685471759,"remaining_time":1.56182392},
{"learn":[0.9794145687],"iteration":750,"passed_time":4.691186186,"remaining_time":1.555399947},
{"learn":[0.9792431636],"iteration":751,"passed_time":4.696884038,"remaining_time":1.548972396},
{"learn":[0.9790340164],"iteration":752,"passed_time":4.703070207,"remaining_time":1.54270696},
{"learn":[0.9789268838],"iteration":753,"passed_time":4.708666659,"remaining_time":1.536249334},
{"learn":[0.9787922541],"iteration":754,"passed_time":4.714711963,"remaining_time":1.529939644},
{"learn":[0.978759951],"iteration":755,"passed_time":4.720262076,"remaining_time":1.523470829},
{"learn":[0.9786905099],"iteration":756,"passed_time":4.725520829,"remaining_time":1.516910913},
{"learn":[0.9786296475],"iteration":757,"passed_time":4.732336405,"remaining_time":1.510851464},
{"learn":[0.9785959666],"iteration":758,"passed_time":4.738114652,"remaining_time":1.504460647},
{"learn":[0.9782446031],"iteration":759,"passed_time":4.744394195,"remaining_time":1.498229746},
{"learn":[0.9781285545],"iteration":760,"passed_time":4.75005251,"remaining_time":1.491803613},
{"learn":[0.9780229018],"iteration":761,"passed_time":4.755761478,"remaining_time":1.485395317},
{"learn":[0.9779945249],"iteration":762,"passed_time":4.761498589,"remaining_time":1.478997596},
{"learn":[0.9778982159],"iteration":763,"passed_time":4.766822252,"remaining_time":1.472473889},
{"learn":[0.9777817174],"iteration":764,"passed_time":4.772661854,"remaining_time":1.466111811},
{"learn":[0.9777074126],"iteration":765,"passed_time":4.778311631,"remaining_time":1.459693109},
{"learn":[0.977534755],"iteration":766,"passed_time":4.784167924,"remaining_time":1.453339148},
{"learn":[0.9775149679],"iteration":767,"passed_time":4.78938205,"remaining_time":1.446792494},
{"learn":[0.9774844817],"iteration":768,"passed_time":4.795055514,"remaining_time":1.440387287},
{"learn":[0.9773425197],"iteration":769,"passed_time":4.800522645,"remaining_time":1.433922349},
{"learn":[0.9772358712],"iteration":770,"passed_time":4.806109474,"remaining_time":1.427495551},
{"learn":[0.9771333887],"iteration":771,"passed_time":4.812814265,"remaining_time":1.421401104},
{"learn":[0.9769626686],"iteration":772,"passed_time":4.818332306,"remaining_time":1.414956576},
{"learn":[0.9768780144],"iteration":773,"passed_time":4.824461641,"remaining_time":1.408692934},
{"learn":[0.9768360971],"iteration":774,"passed_time":4.830522378,"remaining_time":1.402409723},
{"learn":[0.9767716921],"iteration":775,"passed_time":4.835998224,"remaining_time":1.39595825},
{"learn":[0.9765810605],"iteration":776,"passed_time":4.842488569,"remaining_time":1.389800452},
{"learn":[0.9765293856],"iteration":777,"passed_time":4.848092308,"remaining_time":1.383388808},
{"learn":[0.9762821821],"iteration":778,"passed_time":4.853953165,"remaining_time":1.377052182},
{"learn":[0.9762651557],"iteration":779,"passed_time":4.859331259,"remaining_time":1.370580611},
{"learn":[0.9761614891],"iteration":780,"passed_time":4.864682094,"remaining_time":1.364104198},
{"learn":[0.9760507443],"iteration":781,"passed_time":4.870357494,"remaining_time":1.357721143},
{"learn":[0.9760318528],"iteration":782,"passed_time":4.875746245,"remaining_time":1.351260454},
{"learn":[0.9756061556],"iteration":783,"passed_time":4.881651929,"remaining_time":1.344944919},
{"learn":[0.9753731512],"iteration":784,"passed_time":4.887976553,"remaining_time":1.33874517},
{"learn":[0.9752066732],"iteration":785,"passed_time":4.893644524,"remaining_time":1.332366321},
{"learn":[0.9751036925],"iteration":786,"passed_time":4.899197483,"remaining_time":1.32595815},
{"learn":[0.975091014],"iteration":787,"passed_time":4.904563226,"remaining_time":1.319501782},
{"learn":[0.9750521456],"iteration":788,"passed_time":4.910021232,"remaining_time":1.313072852},
{"learn":[0.974872941],"iteration":789,"passed_time":4.916145026,"remaining_time":1.306823361},
{"learn":[0.9747116109],"iteration":790,"passed_time":4.922197161,"remaining_time":1.300555255},
{"learn":[0.9746462489],"iteration":791,"passed_time":4.928075866,"remaining_time":1.294242147},
{"learn":[0.9745242454],"iteration":792,"passed_time":4.934114349,"remaining_time":1.287971841},
{"learn":[0.9742398766],"iteration":793,"passed_time":4.940153786,"remaining_time":1.281702368},
{"learn":[0.9739658716],"iteration":794,"passed_time":4.947147905,"remaining_time":1.275679649},
{"learn":[0.9738049765],"iteration":795,"passed_time":4.953203406,"remaining_time":1.269413938},
{"learn":[0.9737547092],"iteration":796,"passed_time":4.959405315,"remaining_time":1.263186046},
{"learn":[0.9737365529],"iteration":797,"passed_time":4.964853448,"remaining_time":1.256767414},
{"learn":[0.973713495],"iteration":798,"passed_time":4.97089527,"remaining_time":1.250500562},
{"learn":[0.9736177044],"iteration":799,"passed_time":4.97717579,"remaining_time":1.244293947},
{"learn":[0.973429098],"iteration":800,"passed_time":4.983095829,"remaining_time":1.237997591},
{"learn":[0.9732099085],"iteration":801,"passed_time":4.990049649,"remaining_time":1.231957395},
{"learn":[0.9731606483],"iteration":802,"passed_time":4.995443403,"remaining_time":1.225532192},
{"learn":[0.9731159232],"iteration":803,"passed_time":5.000870329,"remaining_time":1.219117642},
{"learn":[0.973043419],"iteration":804,"passed_time":5.00718297,"remaining_time":1.212920098},
{"learn":[0.9730298941],"iteration":805,"passed_time":5.013716204,"remaining_time":1.206775364},
{"learn":[0.9728042342],"iteration":806,"passed_time":5.019727495,"remaining_time":1.200504841},
{"learn":[0.9726153359],"iteration":807,"passed_time":5.025634513,"remaining_time":1.194210181},
{"learn":[0.9725637306],"iteration":808,"passed_time":5.031085259,"remaining_time":1.187808757},
{"learn":[0.9725567261],"iteration":809,"passed_time":5.037440549,"remaining_time":1.181621857},
{"learn":[0.972282731],"iteration":810,"passed_time":5.04357114,"remaining_time":1.175382177},
{"learn":[0.9720156093],"iteration":811,"passed_time":5.049715066,"remaining_time":1.169145853},
{"learn":[0.9719156042],"iteration":812,"passed_time":5.055630235,"remaining_time":1.162857139},
{"learn":[0.9717953967],"iteration":813,"passed_time":5.061130811,"remaining_time":1.156474608},
{"learn":[0.9717801329],"iteration":814,"passed_time":5.06643936,"remaining_time":1.150050652},
{"learn":[0.9715267416],"iteration":815,"passed_time":5.072786983,"remaining_time":1.143863731},
{"learn":[0.9714769454],"iteration":816,"passed_time":5.07839906,"remaining_time":1.137511662},
{"learn":[0.9714070523],"iteration":817,"passed_time":5.083758495,"remaining_time":1.131105191},
{"learn":[0.971223273],"iteration":818,"passed_time":5.089967414,"remaining_time":1.124889013},
{"learn":[0.9711330691],"iteration":819,"passed_time":5.095861694,"remaining_time":1.118603787},
{"learn":[0.9709146613],"iteration":820,"passed_time":5.101947239,"remaining_time":1.112361213},
{"learn":[0.9707675633],"iteration":821,"passed_time":5.107869734,"remaining_time":1.106083714},
{"learn":[0.970472155],"iteration":822,"passed_time":5.11357113,"remaining_time":1.099759526},
{"learn":[0.9702172218],"iteration":823,"passed_time":5.119900168,"remaining_time":1.09357091},
{"learn":[0.9701078928],"iteration":824,"passed_time":5.125662556,"remaining_time":1.087261754},
{"learn":[0.9700773595],"iteration":825,"passed_time":5.130996889,"remaining_time":1.080863751},
{"learn":[0.9700518803],"iteration":826,"passed_time":5.137173391,"remaining_time":1.074644494},
{"learn":[0.969824773],"iteration":827,"passed_time":5.143317951,"remaining_time":1.068418705},
{"learn":[0.9696345363],"iteration":828,"passed_time":5.149180305,"remaining_time":1.0621349},
{"learn":[0.9694604509],"iteration":829,"passed_time":5.15553536,"remaining_time":1.055953025},
{"learn":[0.9693579183],"iteration":830,"passed_time":5.160980448,"remaining_time":1.049585675},
{"learn":[0.9692352772],"iteration":831,"passed_time":5.167050086,"remaining_time":1.043346652},
{"learn":[0.9691768488],"iteration":832,"passed_time":5.172739307,"remaining_time":1.03703177},
{"learn":[0.9691076226],"iteration":833,"passed_time":5.178256678,"remaining_time":1.030684183},
{"learn":[0.9690940605],"iteration":834,"passed_time":5.183652826,"remaining_time":1.02431463},
{"learn":[0.9688049032],"iteration":835,"passed_time":5.189456049,"remaining_time":1.018027263},
{"learn":[0.968584491],"iteration":836,"passed_time":5.195082944,"remaining_time":1.011706714},
{"learn":[0.9684299383],"iteration":837,"passed_time":5.201185138,"remaining_time":1.005479705},
{"learn":[0.968340164],"iteration":838,"passed_time":5.20665545,"remaining_time":0.999131737},
{"learn":[0.9682838782],"iteration":839,"passed_time":5.212159416,"remaining_time":0.9927922697},
{"learn":[0.9682084717],"iteration":840,"passed_time":5.217901492,"remaining_time":0.9864998065},
{"learn":[0.9681961271],"iteration":841,"passed_time":5.22356669,"remaining_time":0.9801942245},
{"learn":[0.9681499372],"iteration":842,"passed_time":5.2288953,"remaining_time":0.9738274758},
{"learn":[0.968127304],"iteration":843,"passed_time":5.234638182,"remaining_time":0.9675397587},
{"learn":[0.9678320106],"iteration":844,"passed_time":5.240850216,"remaining_time":0.9613393888},
{"learn":[0.9675328919],"iteration":845,"passed_time":5.246644104,"remaining_time":0.9550628747},
{"learn":[0.9674231833],"iteration":846,"passed_time":5.252446421,"remaining_time":0.9487890229},
{"learn":[0.967279297],"iteration":847,"passed_time":5.258247482,"remaining_time":0.942516058},
{"learn":[0.9671959368],"iteration":848,"passed_time":5.263633402,"remaining_time":0.9361703696},
{"learn":[0.9670333707],"iteration":849,"passed_time":5.269814231,"remaining_time":0.9299672172},
{"learn":[0.9668525507],"iteration":850,"passed_time":5.275736764,"remaining_time":0.9237188929},
{"learn":[0.9666295386],"iteration":851,"passed_time":5.282019741,"remaining_time":0.9175339456},
{"learn":[0.9665808198],"iteration":852,"passed_time":5.287390855,"remaining_time":0.9111916245},
{"learn":[0.9665077461],"iteration":853,"passed_time":5.292836859,"remaining_time":0.904864381},
{"learn":[0.9663452683],"iteration":854,"passed_time":5.299262499,"remaining_time":0.8987053361},
{"learn":[0.9662275749],"iteration":855,"passed_time":5.305027319,"remaining_time":0.8924345023},
{"learn":[0.9661768263],"iteration":856,"passed_time":5.31038468,"remaining_time":0.8860968603},
{"learn":[0.9661380687],"iteration":857,"passed_time":5.316267974,"remaining_time":0.8798485459},
{"learn":[0.9658877018],"iteration":858,"passed_time":5.322037817,"remaining_time":0.873582459},
{"learn":[0.9658679668],"iteration":859,"passed_time":5.327415119,"remaining_time":0.867253624},
{"learn":[0.9656723856],"iteration":860,"passed_time":5.333441113,"remaining_time":0.8610317245},
{"learn":[0.9655413703],"iteration":861,"passed_time":5.33963729,"remaining_time":0.8548375244},
{"learn":[0.9655333128],"iteration":862,"passed_time":5.345302739,"remaining_time":0.8485590674},
{"learn":[0.9653519],"iteration":863,"passed_time":5.352077027,"remaining_time":0.842456569},
{"learn":[0.9652951604],"iteration":864,"passed_time":5.357189898,"remaining_time":0.8360932211},
{"learn":[0.9651814791],"iteration":865,"passed_time":5.362686325,"remaining_time":0.8297921104},
{"learn":[0.965032028],"iteration":866,"passed_time":5.368975942,"remaining_time":0.8236145332},
{"learn":[0.9649416989],"iteration":867,"passed_time":5.374625742,"remaining_time":0.8173393985},
{"learn":[0.9648694162],"iteration":868,"passed_time":5.38070543,"remaining_time":0.8111305079},
{"learn":[0.9647958377],"iteration":869,"passed_time":5.386851638,"remaining_time":0.8049318539},
{"learn":[0.9647253695],"iteration":870,"passed_time":5.392216457,"remaining_time":0.7986175923},
{"learn":[0.9645988598],"iteration":871,"passed_time":5.39798429,"remaining_time":0.7923646665},
{"learn":[0.9645074768],"iteration":872,"passed_time":5.403630791,"remaining_time":0.786095201},
{"learn":[0.9644483736],"iteration":873,"passed_time":5.408905558,"remaining_time":0.7797735701},
{"learn":[0.9642639833],"iteration":874,"passed_time":5.41452671,"remaining_time":0.7735038157},
{"learn":[0.9640092713],"iteration":875,"passed_time":5.420919273,"remaining_time":0.7673447372},
{"learn":[0.9639146679],"iteration":876,"passed_time":5.426573426,"remaining_time":0.7610815638},
{"learn":[0.9638142702],"iteration":877,"passed_time":5.43236676,"remaining_time":0.754839117},
{"learn":[0.9636625947],"iteration":878,"passed_time":5.438786515,"remaining_time":0.748683923},
{"learn":[0.9633959281],"iteration":879,"passed_time":5.445277381,"remaining_time":0.7425378247},
{"learn":[0.9632533059],"iteration":880,"passed_time":5.451111765,"remaining_time":0.7363022702},
{"learn":[0.9630983881],"iteration":881,"passed_time":5.456946725,"remaining_time":0.7300677024},
{"learn":[0.9630053042],"iteration":882,"passed_time":5.46280134,"remaining_time":0.7238366442},
{"learn":[0.9627785878],"iteration":883,"passed_time":5.468619983,"remaining_time":0.7176017172},
{"learn":[0.9626164167],"iteration":884,"passed_time":5.474366317,"remaining_time":0.711358335},
{"learn":[0.962483919],"iteration":885,"passed_time":5.479951483,"remaining_time":0.7050953375},
{"learn":[0.9622784454],"iteration":886,"passed_time":5.486183058,"remaining_time":0.6989162182},
{"learn":[0.9622647083],"iteration":887,"passed_time":5.491586589,"remaining_time":0.6926325427},
{"learn":[0.9621800917],"iteration":888,"passed_time":5.497594695,"remaining_time":0.6864263342},
{"learn":[0.9621356544],"iteration":889,"passed_time":5.502887523,"remaining_time":0.6801321658},
{"learn":[0.9621134872],"iteration":890,"passed_time":5.508626534,"remaining_time":0.6738948285},
{"learn":[0.9619076649],"iteration":891,"passed_time":5.515310602,"remaining_time":0.6677730325},
{"learn":[0.9617289902],"iteration":892,"passed_time":5.521281245,"remaining_time":0.661564494},
{"learn":[0.9615275704],"iteration":893,"passed_time":5.528193132,"remaining_time":0.6554680895},
{"learn":[0.961421025],"iteration":894,"passed_time":5.533789474,"remaining_time":0.6492155248},
{"learn":[0.9612983613],"iteration":895,"passed_time":5.539428572,"remaining_time":0.6429693878},
{"learn":[0.9612719847],"iteration":896,"passed_time":5.545228992,"remaining_time":0.6367431284},
{"learn":[0.9612259287],"iteration":897,"passed_time":5.550681138,"remaining_time":0.6304782585},
{"learn":[0.9611327619],"iteration":898,"passed_time":5.55653456,"remaining_time":0.6242602787},
{"learn":[0.9610976909],"iteration":899,"passed_time":5.562547017,"remaining_time":0.6180607796},
{"learn":[0.9609371257],"iteration":900,"passed_time":5.568332635,"remaining_time":0.6118367712},
{"learn":[0.9609126568],"iteration":901,"passed_time":5.574124578,"remaining_time":0.605614422},
{"learn":[0.9608696001],"iteration":902,"passed_time":5.580400808,"remaining_time":0.5994450481},
{"learn":[0.9608510184],"iteration":903,"passed_time":5.586093489,"remaining_time":0.5932134679},
{"learn":[0.9606992569],"iteration":904,"passed_time":5.59267431,"remaining_time":0.5870763088},
{"learn":[0.9606152466],"iteration":905,"passed_time":5.598295498,"remaining_time":0.5808386057},
{"learn":[0.9605846151],"iteration":906,"passed_time":5.603851244,"remaining_time":0.574595552},
{"learn":[0.9605650281],"iteration":907,"passed_time":5.609620697,"remaining_time":0.5683756653},
{"learn":[0.9603928032],"iteration":908,"passed_time":5.61561624,"remaining_time":0.5621794036},
{"learn":[0.9603150433],"iteration":909,"passed_time":5.621447693,"remaining_time":0.5559673543},
{"learn":[0.9600836938],"iteration":910,"passed_time":5.627466787,"remaining_time":0.5497744721},
{"learn":[0.9600220647],"iteration":911,"passed_time":5.633159285,"remaining_time":0.5435504574},
{"learn":[0.9599844322],"iteration":912,"passed_time":5.638859108,"remaining_time":0.5373283049},
{"learn":[0.9597790732],"iteration":913,"passed_time":5.645618954,"remaining_time":0.5312070351},
{"learn":[0.9597345857],"iteration":914,"passed_time":5.651873695,"remaining_time":0.5250374471},
{"learn":[0.9596133225],"iteration":915,"passed_time":5.65774473,"remaining_time":0.5188324862},
{"learn":[0.9595550759],"iteration":916,"passed_time":5.663706087,"remaining_time":0.5126364288},
{"learn":[0.9594150001],"iteration":917,"passed_time":5.669806748,"remaining_time":0.5064533261},
{"learn":[0.9593062033],"iteration":918,"passed_time":5.675648399,"remaining_time":0.5002475738},
{"learn":[0.9591271526],"iteration":919,"passed_time":5.681382698,"remaining_time":0.4940332781},
{"learn":[0.958888814],"iteration":920,"passed_time":5.687279784,"remaining_time":0.487833988},
{"learn":[0.9588187284],"iteration":921,"passed_time":5.693032675,"remaining_time":0.4816231547},
{"learn":[0.9585723501],"iteration":922,"passed_time":5.699049259,"remaining_time":0.475435312},
{"learn":[0.9585481071],"iteration":923,"passed_time":5.704614973,"remaining_time":0.4692107554},
{"learn":[0.958538585],"iteration":924,"passed_time":5.710534913,"remaining_time":0.4630163443},
{"learn":[0.9584716408],"iteration":925,"passed_time":5.716227113,"remaining_time":0.4568043265},
{"learn":[0.9583056942],"iteration":926,"passed_time":5.722802839,"remaining_time":0.4506630067},
{"learn":[0.9582446756],"iteration":927,"passed_time":5.728633084,"remaining_time":0.4444629117},
{"learn":[0.9580870983],"iteration":928,"passed_time":5.734998916,"remaining_time":0.4383045458},
{"learn":[0.9580235744],"iteration":929,"passed_time":5.74110596,"remaining_time":0.432126255},
{"learn":[0.9579966631],"iteration":930,"passed_time":5.746474633,"remaining_time":0.4258933939},
{"learn":[0.9577985533],"iteration":931,"passed_time":5.752277898,"remaining_time":0.4196940956},
{"learn":[0.9577613275],"iteration":932,"passed_time":5.758090357,"remaining_time":0.4134963064},
{"learn":[0.9576902362],"iteration":933,"passed_time":5.763838635,"remaining_time":0.4072948072},
{"learn":[0.9576623327],"iteration":934,"passed_time":5.76956305,"remaining_time":0.4010926185},
{"learn":[0.9575901347],"iteration":935,"passed_time":5.775294174,"remaining_time":0.3948919094},
{"learn":[0.9574644143],"iteration":936,"passed_time":5.78095403,"remaining_time":0.3886874108},
{"learn":[0.9573186865],"iteration":937,"passed_time":5.787909687,"remaining_time":0.3825697234},
{"learn":[0.9572956214],"iteration":938,"passed_time":5.793619343,"remaining_time":0.3763693077},
{"learn":[0.9571802639],"iteration":939,"passed_time":5.799061533,"remaining_time":0.3701528638},
{"learn":[0.9570164439],"iteration":940,"passed_time":5.805602685,"remaining_time":0.3640069696},
{"learn":[0.9569880179],"iteration":941,"passed_time":5.81109121,"remaining_time":0.3577954248},
{"learn":[0.9569817603],"iteration":942,"passed_time":5.816586869,"remaining_time":0.3515858447},
{"learn":[0.9569206501],"iteration":943,"passed_time":5.822456912,"remaining_time":0.3453999863},
{"learn":[0.95680526],"iteration":944,"passed_time":5.828287636,"remaining_time":0.3392125079},
{"learn":[0.9567268835],"iteration":945,"passed_time":5.83419929,"remaining_time":0.3330304034},
{"learn":[0.9567226044],"iteration":946,"passed_time":5.840141213,"remaining_time":0.3268505642},
{"learn":[0.9566342898],"iteration":947,"passed_time":5.84617615,"remaining_time":0.3206763289},
{"learn":[0.9565067798],"iteration":948,"passed_time":5.851893648,"remaining_time":0.3144853277},
{"learn":[0.9563696725],"iteration":949,"passed_time":5.85774701,"remaining_time":0.3083024742},
{"learn":[0.9563076832],"iteration":950,"passed_time":5.863473643,"remaining_time":0.3021137839},
{"learn":[0.9561527523],"iteration":951,"passed_time":5.869615136,"remaining_time":0.2959469817},
{"learn":[0.956145257],"iteration":952,"passed_time":5.874986775,"remaining_time":0.2897422649},
{"learn":[0.9561070807],"iteration":953,"passed_time":5.880405354,"remaining_time":0.2835415579},
{"learn":[0.9560686606],"iteration":954,"passed_time":5.886821443,"remaining_time":0.2773894921},
{"learn":[0.9559559523],"iteration":955,"passed_time":5.893386705,"remaining_time":0.2712437396},
{"learn":[0.9558593124],"iteration":956,"passed_time":5.899034413,"remaining_time":0.2650558827},
{"learn":[0.9556958116],"iteration":957,"passed_time":5.905451053,"remaining_time":0.2589028645},
{"learn":[0.9556118127],"iteration":958,"passed_time":5.911220657,"remaining_time":0.2527216339},
{"learn":[0.9554440159],"iteration":959,"passed_time":5.9179464,"remaining_time":0.2465811},
{"learn":[0.9552926358],"iteration":960,"passed_time":5.924152944,"remaining_time":0.2404182777},
{"learn":[0.9551455421],"iteration":961,"passed_time":5.92969239,"remaining_time":0.2342290133},
{"learn":[0.9551150732],"iteration":962,"passed_time":5.936181243,"remaining_time":0.2280775763},
{"learn":[0.9551097904],"iteration":963,"passed_time":5.94226904,"remaining_time":0.2219104621},
{"learn":[0.9550887164],"iteration":964,"passed_time":5.947513391,"remaining_time":0.2157129209},
{"learn":[0.9550140496],"iteration":965,"passed_time":5.953020155,"remaining_time":0.2095265893},
{"learn":[0.9548803207],"iteration":966,"passed_time":5.958747373,"remaining_time":0.2033491864},
{"learn":[0.9547529815],"iteration":967,"passed_time":5.964640758,"remaining_time":0.1971782069},
{"learn":[0.9545993088],"iteration":968,"passed_time":5.970504958,"remaining_time":0.1910068666},
{"learn":[0.9545516171],"iteration":969,"passed_time":5.9761558,"remaining_time":0.1848295608},
{"learn":[0.9545053388],"iteration":970,"passed_time":5.981782816,"remaining_time":0.1786526279},
{"learn":[0.9544941158],"iteration":971,"passed_time":5.987789957,"remaining_time":0.1724877765},
{"learn":[0.9544807812],"iteration":972,"passed_time":5.993679407,"remaining_time":0.1663199835},
{"learn":[0.9544689041],"iteration":973,"passed_time":5.999448636,"remaining_time":0.1601495529},
{"learn":[0.9544152267],"iteration":974,"passed_time":6.005197391,"remaining_time":0.1539794203},
{"learn":[0.9543827668],"iteration":975,"passed_time":6.010575674,"remaining_time":0.1478010412},
{"learn":[0.954315338],"iteration":976,"passed_time":6.016242941,"remaining_time":0.141631103},
{"learn":[0.9542557877],"iteration":977,"passed_time":6.022557219,"remaining_time":0.1354767473},
{"learn":[0.9542357107],"iteration":978,"passed_time":6.028586785,"remaining_time":0.1293159576},
{"learn":[0.9540713171],"iteration":979,"passed_time":6.035003995,"remaining_time":0.1231633468},
{"learn":[0.9539361029],"iteration":980,"passed_time":6.041605516,"remaining_time":0.1170137664},
{"learn":[0.9538914053],"iteration":981,"passed_time":6.047176242,"remaining_time":0.110844371},
{"learn":[0.9538562093],"iteration":982,"passed_time":6.053510808,"remaining_time":0.1046894036},
{"learn":[0.9538383637],"iteration":983,"passed_time":6.059057761,"remaining_time":0.0985212644},
{"learn":[0.9537555672],"iteration":984,"passed_time":6.065053777,"remaining_time":0.09236122503},
{"learn":[0.9536487052],"iteration":985,"passed_time":6.070681959,"remaining_time":0.08619629557},
{"learn":[0.953580166],"iteration":986,"passed_time":6.076618718,"remaining_time":0.08003651807},
{"learn":[0.9535152713],"iteration":987,"passed_time":6.082390526,"remaining_time":0.07387518857},
{"learn":[0.9534855334],"iteration":988,"passed_time":6.087886644,"remaining_time":0.06771158047},
{"learn":[0.9533727949],"iteration":989,"passed_time":6.093867054,"remaining_time":0.06155421266},
{"learn":[0.9533314742],"iteration":990,"passed_time":6.099824281,"remaining_time":0.05539699145},
{"learn":[0.953278433],"iteration":991,"passed_time":6.105515804,"remaining_time":0.04923803068},
{"learn":[0.9531627332],"iteration":992,"passed_time":6.111771787,"remaining_time":0.04308399044},
{"learn":[0.9530334146],"iteration":993,"passed_time":6.118176688,"remaining_time":0.03693064399},
{"learn":[0.9528825967],"iteration":994,"passed_time":6.124098128,"remaining_time":0.03077436245},
{"learn":[0.9528273452],"iteration":995,"passed_time":6.130465683,"remaining_time":0.02462034411},
{"learn":[0.9528215076],"iteration":996,"passed_time":6.135814737,"remaining_time":0.01846283271},
{"learn":[0.9528098689],"iteration":997,"passed_time":6.141494336,"remaining_time":0.01230760388},
{"learn":[0.952636736],"iteration":998,"passed_time":6.14804196,"remaining_time":0.006154196156},
{"learn":[0.9525872784],"iteration":999,"passed_time":6.154437414,"remaining_time":0}
]}